Rank,Release Group,Worldwide,Domestic,%,Foreign,%.1,Filename,Year
1,Star Wars: Episode VII - The Force Awakens,$2068223624,$936662225,45.3%,$1131561399,54.7%,2015.csv,2015
2,Jurassic World,$1670400637,$652270625,39%,$1018130012,61%,2015.csv,2015
3,Furious 7,$1515047671,$353007020,23.3%,$1162040651,76.7%,2015.csv,2015
4,Avengers: Age of Ultron,$1402805868,$459005868,32.7%,$943800000,67.3%,2015.csv,2015
5,Minions,$1159398397,$336045770,29%,$823352627,71%,2015.csv,2015
6,Spectre,$880674609,$200074609,22.7%,$680600000,77.3%,2015.csv,2015
7,Inside Out,$857611174,$356461711,41.6%,$501149463,58.4%,2015.csv,2015
8,Mission: Impossible - Rogue Nation,$682714267,$195042377,28.6%,$487671890,71.4%,2015.csv,2015
9,The Hunger Games: Mockingjay - Part 2,$658344137,$281723902,42.8%,$376620235,57.2%,2015.csv,2015
10,The Martian,$630161890,$228433663,36.2%,$401728227,63.8%,2015.csv,2015
11,Fifty Shades of Grey,$569651467,$166167230,29.2%,$403484237,70.8%,2015.csv,2015
12,Cinderella,$542351353,$201151353,37.1%,$341200000,62.9%,2015.csv,2015
13,The Revenant,$532950503,$183637894,34.5%,$349312609,65.5%,2015.csv,2015
14,Ant-Man,$519311965,$180202163,34.7%,$339109802,65.3%,2015.csv,2015
15,Hotel Transylvania 2,$474800000,$169700110,35.7%,$305099890,64.3%,2015.csv,2015
16,San Andreas,$473990832,$155190832,32.7%,$318800000,67.3%,2015.csv,2015
17,Terminator Genisys,$440603537,$89760956,20.4%,$350842581,79.6%,2015.csv,2015
18,Kingsman: The Secret Service,$414351546,$128261724,31%,$286089822,69%,2015.csv,2015
19,Monster Hunt,$387053506,$32766,<0.1%,$387020740,100%,2015.csv,2015
20,Home,$386041607,$177397510,46%,$208644097,54%,2015.csv,2015
21,Mad Max: Fury Road,$374736354,$153636354,41%,$221100000,59%,2015.csv,2015
22,The Good Dinosaur,$332207671,$123087120,37.1%,$209120551,62.9%,2015.csv,2015
23,Taken 3,$326479141,$89256424,27.3%,$237222717,72.7%,2015.csv,2015
24,The SpongeBob Movie: Sponge Out of Water,$325186032,$162994032,50.1%,$162192000,49.9%,2015.csv,2015
25,Maze Runner: The Scorch Trials,$312296056,$81697192,26.2%,$230598864,73.8%,2015.csv,2015
26,The Divergent Series: Insurgent,$297002527,$130179072,43.8%,$166823455,56.2%,2015.csv,2015
27,Pitch Perfect 2,$287144079,$184296230,64.2%,$102847849,35.8%,2015.csv,2015
28,Mojin: The Lost Legend,$259368448,$1243810,0.5%,$258124638,99.5%,2015.csv,2015
29,Lost in Hong Kong,$256283912,$1302281,0.5%,$254981631,99.5%,2015.csv,2015
30,The Peanuts Movie,$246233113,$130178411,52.9%,$116054702,47.1%,2015.csv,2015
31,Pixels,$244874809,$78747585,32.2%,$166127224,67.8%,2015.csv,2015
32,Daddy's Home,$242786137,$150357137,61.9%,$92429000,38.1%,2015.csv,2015
33,Spy,$235666219,$110825712,47%,$124840507,53%,2015.csv,2015
34,Alvin and the Chipmunks: The Road Chip,$234798636,$85886987,36.6%,$148911649,63.4%,2015.csv,2015
35,Goodbye Mr. Loser,$228122928,$1293626,0.6%,$226829302,99.4%,2015.csv,2015
36,Ted 2,$215863606,$81476385,37.7%,$134387221,62.3%,2015.csv,2015
37,Tomorrowland,$209035668,$93436322,44.7%,$115599346,55.3%,2015.csv,2015
38,Everest,$203427584,$43482270,21.4%,$159945314,78.6%,2015.csv,2015
39,Straight Outta Compton,$201634991,$161197785,79.9%,$40437206,20.1%,2015.csv,2015
40,The Intern,$194564672,$75764672,38.9%,$118800000,61.1%,2015.csv,2015
41,Jian Bing Man,$186683536,-,-,$186683536,100%,2015.csv,2015
42,Jupiter Ascending,$183887723,$47387723,25.8%,$136500000,74.2%,2015.csv,2015
43,Creed,$173567581,$109767581,63.2%,$63800000,36.8%,2015.csv,2015
44,Fantastic Four,$167882881,$56117548,33.4%,$111765333,66.6%,2015.csv,2015
45,Bridge of Spies,$165478348,$72313754,43.7%,$93164594,56.3%,2015.csv,2015
46,From Vegas to Macau II,$163877532,-,-,$163877532,100%,2015.csv,2015
47,Focus,$158762963,$53862963,33.9%,$104900000,66.1%,2015.csv,2015
48,Goosebumps,$158260952,$80080379,50.6%,$78180573,49.4%,2015.csv,2015
49,Ip Man 3,$156954938,$2679437,1.7%,$154275501,98.3%,2015.csv,2015
50,The Hateful Eight,$155760117,$54117416,34.7%,$101642701,65.3%,2015.csv,2015
51,Monkey King: Hero Is Back,$153262397,-,-,$153262397,100%,2015.csv,2015
52,Gods of Egypt,$150680864,$31153464,20.7%,$119527400,79.3%,2015.csv,2015
53,The Last Witch Hunter,$146936910,$27367660,18.6%,$119569250,81.4%,2015.csv,2015
54,Trainwreck,$140795793,$110212700,78.3%,$30583093,21.7%,2015.csv,2015
55,Mr. Six,$139191345,$1415450,1%,$137775895,99%,2015.csv,2015
56,Point Break,$133718711,$28782481,21.5%,$104936230,78.5%,2015.csv,2015
57,The Big Short,$133440870,$70259870,52.7%,$63181000,47.3%,2015.csv,2015
58,Pan,$128388320,$35088320,27.3%,$93300000,72.7%,2015.csv,2015
59,Detective Chinatown,$125842935,$474252,0.4%,$125368683,99.6%,2015.csv,2015
60,Wolf Totem,$125837070,$210591,0.2%,$125626479,99.8%,2015.csv,2015
61,Ride Along 2,$124605297,$91221830,73.2%,$33383467,26.8%,2015.csv,2015
62,Dragon Blade,$122593849,$74068,<0.1%,$122519781,99.9%,2015.csv,2015
63,Magic Mike XXL,$117813057,$66013057,56%,$51800000,44%,2015.csv,2015
64,Insidious: Chapter 3,$112983889,$52218558,46.2%,$60765331,53.8%,2015.csv,2015
65,Get Hard,$111711453,$90411453,80.9%,$21300000,19.1%,2015.csv,2015
66,The 5th Wave,$109906372,$34916787,31.8%,$74989585,68.2%,2015.csv,2015
67,Paul Blart: Mall Cop 2,$107588225,$71038190,66%,$36550035,34%,2015.csv,2015
68,Vacation,$107228221,$58884188,54.9%,$48344033,45.1%,2015.csv,2015
69,The Man from U.N.C.L.E.,$107045109,$45445109,42.5%,$61600000,57.5%,2015.csv,2015
70,Chronicles of the Ghostly Tribe,$106380000,-,-,$106380000,100%,2015.csv,2015
71,Shaun the Sheep Movie,$106209378,$19375982,18.2%,$86833396,81.8%,2015.csv,2015
72,Sisters,$105011053,$87044645,82.9%,$17966408,17.1%,2015.csv,2015
73,Chappie,$102811889,$31569268,30.7%,$71242621,69.3%,2015.csv,2015
74,Joy,$101134059,$56451232,55.8%,$44682827,44.2%,2015.csv,2015
75,Black Mass,$99775678,$62575678,62.7%,$37200000,37.3%,2015.csv,2015
76,Spotlight,$98690254,$45055776,45.7%,$53634478,54.3%,2015.csv,2015
77,Devil and Angel,$98599942,$131058,0.1%,$98468884,99.9%,2015.csv,2015
78,The Visit,$98450062,$65206105,66.2%,$33243957,33.8%,2015.csv,2015
79,The Little Prince,$97571250,$1339152,1.4%,$96232098,98.6%,2015.csv,2015
80,Assassination,$96119773,$1904682,2%,$94215091,98%,2015.csv,2015
81,Poltergeist,$95437994,$47425125,49.7%,$48012869,50.3%,2015.csv,2015
82,Veteran,$94393020,$1200627,1.3%,$93192393,98.7%,2015.csv,2015
83,In the Heart of the Sea,$93920758,$25020758,26.6%,$68900000,73.4%,2015.csv,2015
84,Kill Zone 2,$93638358,$11998,<0.1%,$93626360,100%,2015.csv,2015
85,Southpaw,$91970827,$52421953,57%,$39548874,43%,2015.csv,2015
86,The Second Best Exotic Marigold Hotel,$85978266,$33078266,38.5%,$52900000,61.5%,2015.csv,2015
87,Paper Towns,$85512300,$32000304,37.4%,$53511996,62.6%,2015.csv,2015
88,Sicario,$84872444,$46889293,55.2%,$37983151,44.8%,2015.csv,2015
89,Our Times,$83867493,-,-,$83867493,100%,2015.csv,2015
90,Suck Me Shakespeer 2,$83027924,-,-,$83027924,100%,2015.csv,2015
91,Hitman: Agent 47,$82347656,$22467450,27.3%,$59880206,72.7%,2015.csv,2015
92,Wolf Warrior,$81411331,-,-,$81411331,100%,2015.csv,2015
93,Go Away Mr. Tumor,$80606893,$286639,0.4%,$80320254,99.6%,2015.csv,2015
94,The Wedding Ringer,$79799880,$64460211,80.8%,$15339669,19.2%,2015.csv,2015
95,Paranormal Activity: The Ghost Dimension,$78903124,$18300124,23.2%,$60603000,76.8%,2015.csv,2015
96,The Left Ear,$78015473,-,-,$78015473,100%,2015.csv,2015
97,Tiny Times 4.0,$77750000,-,-,$77750000,100%,2015.csv,2015
98,Bajrangi Bhaijaan,$75547184,$8178001,10.8%,$67369183,89.2%,2015.csv,2015
99,War Room,$73267874,$67790117,92.5%,$5477757,7.5%,2015.csv,2015
100,The Transporter Refueled,$72629670,$16029670,22.1%,$56600000,77.9%,2015.csv,2015
101,Run All Night,$71561644,$26461644,37%,$45100000,63%,2015.csv,2015
102,13 Hours,$69411370,$52853219,76.1%,$16558151,23.9%,2015.csv,2015
103,Running Man,$68782475,$310978,0.5%,$68471497,99.5%,2015.csv,2015
104,A Violent Prosecutor,$66736633,-,-,$66736633,100%,2015.csv,2015
105,The Age of Adaline,$65663276,$42629776,64.9%,$23033500,35.1%,2015.csv,2015
106,Monk Comes Down the Mountain,$64455686,-,-,$64455686,100%,2015.csv,2015
107,Zhongkui: Snow Girl and the Dark Crystal,$64325947,$165428,0.3%,$64160519,99.7%,2015.csv,2015
108,The Danish Girl,$64191523,$11114018,17.3%,$53077505,82.7%,2015.csv,2015
109,The Boy,$64188367,$35819556,55.8%,$28368811,44.2%,2015.csv,2015
110,The Hundred Regiments Offensive,$63230000,-,-,$63230000,100%,2015.csv,2015
111,The Longest Ride,$62944815,$37446117,59.5%,$25498698,40.5%,2015.csv,2015
112,Unfriended,$62882090,$32482090,51.7%,$30400000,48.3%,2015.csv,2015
113,Brooklyn,$62076141,$38322743,61.7%,$23753398,38.3%,2015.csv,2015
114,"Dragon Ball Z: Resurrection ""F""",$61768190,$8008363,13%,$53759827,87%,2015.csv,2015
115,Woman in Gold,$61619773,$33307793,54.1%,$28311980,45.9%,2015.csv,2015
116,Krampus,$61548707,$42725475,69.4%,$18823232,30.6%,2015.csv,2015
117,The Perfect Guy,$60273173,$57027435,94.6%,$3245738,5.4%,2015.csv,2015
118,Forever Young,$59981902,$149761,0.2%,$59832141,99.8%,2015.csv,2015
119,Miss Granny,$59396311,$234573,0.4%,$59161738,99.6%,2015.csv,2015
120,The Gift,$58978653,$43787265,74.2%,$15191388,25.8%,2015.csv,2015
121,You Are My Sunshine,$56640000,-,-,$56640000,100%,2015.csv,2015
122,No Escape,$54418872,$27288872,50.1%,$27130000,49.9%,2015.csv,2015
123,Sinister 2,$53329150,$27740955,52%,$25588195,48%,2015.csv,2015
124,Detective Conan: Sunflowers of Inferno,$52920296,-,-,$52920296,100%,2015.csv,2015
125,Prem Ratan Dhan Payo,$52715771,$4364639,8.3%,$48351132,91.7%,2015.csv,2015
126,The Boy Next Door,$52425855,$35423380,67.6%,$17002475,32.4%,2015.csv,2015
127,The Night Before,$52395996,$43047372,82.2%,$9348624,17.8%,2015.csv,2015
128,Hollywood Adventures,$52265070,-,-,$52265070,100%,2015.csv,2015
129,Yo-kai Watch Movie: It's the Secret of Birth Meow!,$51838845,$257343,0.5%,$51581502,99.5%,2015.csv,2015
130,Hot Pursuit,$51380201,$34580201,67.3%,$16800000,32.7%,2015.csv,2015
131,The Himalayas,$50544493,$696717,1.4%,$49847776,98.6%,2015.csv,2015
132,The Boy and the Beast,$49714378,$490643,1%,$49223735,99%,2015.csv,2015
133,Surprise,$49567466,-,-,$49567466,100%,2015.csv,2015
134,Entourage,$49263404,$32363404,65.7%,$16900000,34.3%,2015.csv,2015
135,The Woman in Black 2: Angel of Death,$48854305,$26501323,54.2%,$22352982,45.8%,2015.csv,2015
136,Concussion,$48623572,$34542474,71%,$14081098,29%,2015.csv,2015
137,Inside Men,$47616503,-,-,$47616503,100%,2015.csv,2015
138,Lie ri zhuo xin,$47600000,-,-,$47600000,100%,2015.csv,2015
139,Boonie Bears Winter,$47581416,-,-,$47581416,100%,2015.csv,2015
140,Mortdecai,$47275695,$7696134,16.3%,$39579561,83.7%,2015.csv,2015
141,Let's Get Married,$45972724,$462918,1%,$45509806,99%,2015.csv,2015
142,Somewhere Only We Know,$45737711,$482341,1.1%,$45255370,98.9%,2015.csv,2015
143,McFarland USA,$45710059,$44482410,97.3%,$1227649,2.7%,2015.csv,2015
144,Hero,$45565534,$88675,0.2%,$45476859,99.8%,2015.csv,2015
145,Still Alice,$44779195,$18754371,41.9%,$26024824,58.1%,2015.csv,2015
146,Max,$43967255,$42656255,97%,$1311000,3%,2015.csv,2015
147,The DUFF,$43709744,$34030343,77.9%,$9679401,22.1%,2015.csv,2015
148,Legend,$42972994,$1872994,4.4%,$41100000,95.6%,2015.csv,2015
149,The Gallows,$42964410,$22764410,53%,$20200000,47%,2015.csv,2015
150,Love the Coopers,$42426912,$26302731,62%,$16124181,38%,2015.csv,2015
151,The Throne,$42165755,-,-,$42165755,100%,2015.csv,2015
152,The Lady in the Van,$41387687,$10021175,24.2%,$31366512,75.8%,2015.csv,2015
153,Ricki and the Flash,$41325328,$26822144,64.9%,$14503184,35.1%,2015.csv,2015
154,Ocho apellidos catalanes,$40591862,-,-,$40591862,100%,2015.csv,2015
155,Carol,$40272135,$12711491,31.6%,$27560644,68.4%,2015.csv,2015
156,Northern Limit Line,$40034677,$337907,0.8%,$39696770,99.2%,2015.csv,2015
157,Ex-Files 2: The Backup Strikes Back,$39108291,-,-,$39108291,100%,2015.csv,2015
158,Criminal,$38803993,$14708696,37.9%,$24095297,62.1%,2015.csv,2015
159,Boruto: Naruto The Movie,$38362448,$919651,2.4%,$37442797,97.6%,2015.csv,2015
160,The Lazarus Effect,$38356892,$25801570,67.3%,$12555322,32.7%,2015.csv,2015
161,Chek dou,$37938005,-,-,$37938005,100%,2015.csv,2015
162,A Walk in the Woods,$37461274,$29504281,78.8%,$7956993,21.2%,2015.csv,2015
163,Ex Machina,$36869414,$25442958,69%,$11426456,31%,2015.csv,2015
164,Burnt,$36606743,$13651946,37.3%,$22954797,62.7%,2015.csv,2015
165,The Priests,$36577134,$185093,0.5%,$36392041,99.5%,2015.csv,2015
166,The New Adventures of Aladdin,$35771820,-,-,$35771820,100%,2015.csv,2015
167,Heidi,$35755670,-,-,$35755670,100%,2015.csv,2015
168,Room,$35401758,$14677654,41.5%,$20724104,58.5%,2015.csv,2015
169,Lost and Love,$34930177,$188817,0.5%,$34741360,99.5%,2015.csv,2015
170,Secret in Their Eyes,$34854990,$20180155,57.9%,$14674835,42.1%,2015.csv,2015
171,Dad Where Are We Going 2,$34840000,-,-,$34840000,100%,2015.csv,2015
172,Doraemon: Nobita and the Space Heroes,$34811747,-,-,$34811747,100%,2015.csv,2015
173,Steve Jobs,$34441873,$17766658,51.6%,$16675215,48.4%,2015.csv,2015
174,Victor Frankenstein,$34227298,$5775076,16.9%,$28452222,83.1%,2015.csv,2015
175,The Witness,$33963557,$418063,1.2%,$33545494,98.8%,2015.csv,2015
176,Project Almanac,$33213241,$22348241,67.3%,$10865000,32.7%,2015.csv,2015
177,Dilwale,$31994323,$4871263,15.2%,$27123060,84.8%,2015.csv,2015
178,Suffragette,$31972096,$4702420,14.7%,$27269676,85.3%,2015.csv,2015
179,Self/less,$31807156,$12279691,38.6%,$19527465,61.4%,2015.csv,2015
180,Saving Mr. Wu,$31222161,$92696,0.3%,$31129465,99.7%,2015.csv,2015
181,Attack on Titan Part 1,$30810658,$449523,1.5%,$30361135,98.5%,2015.csv,2015
182,A Man Called Ove,$30692889,$3479315,11.3%,$27213574,88.7%,2015.csv,2015
183,Far from the Madding Crowd,$30229977,$12236500,40.5%,$17993477,59.5%,2015.csv,2015
184,Mr. Holmes,$29355203,$17737646,60.4%,$11617557,39.6%,2015.csv,2015
185,Love & Mercy,$28641776,$12551031,43.8%,$16090745,56.2%,2015.csv,2015
186,Flying Colors,$28525563,-,-,$28525563,100%,2015.csv,2015
187,Triumph in the Skies,$28085162,-,-,$28085162,100%,2015.csv,2015
188,The 33,$27972023,$12227722,43.7%,$15744301,56.3%,2015.csv,2015
189,Bride Wars,$27670000,-,-,$27670000,100%,2015.csv,2015
190,Irrational Man,$27391084,$4030360,14.7%,$23360724,85.3%,2015.csv,2015
191,Detective K: Secret of the Lost Island,$27387870,$185367,0.7%,$27202503,99.3%,2015.csv,2015
192,To the Fore,$27267799,-,-,$27267799,100%,2015.csv,2015
193,American Ultra,$27262374,$14440985,53%,$12821389,47%,2015.csv,2015
194,Orange,$26261536,-,-,$26261536,100%,2015.csv,2015
195,Aloha,$26250020,$21067116,80.3%,$5182904,19.7%,2015.csv,2015
196,Huevos: Little Rooster's Egg-cellent Adventure,$25892561,$9080818,35.1%,$16811743,64.9%,2015.csv,2015
197,Dügün Dernek 2: Sünnet,$25836668,-,-,$25836668,100%,2015.csv,2015
198,Look Who's Back,$25513752,-,-,$25513752,100%,2015.csv,2015
199,Serial Teachers 2,$25364150,-,-,$25364150,100%,2015.csv,2015
200,Wild City,$24817852,$34866,0.1%,$24782986,99.9%,2015.csv,2015
1,Captain America: Civil War,$1153296293,$408084349,35.4%,$745211944,64.6%,2016.csv,2016
2,Rogue One: A Star Wars Story,$1056057273,$532177324,50.4%,$523879949,49.6%,2016.csv,2016
3,Finding Dory,$1028570889,$486295561,47.3%,$542275328,52.7%,2016.csv,2016
4,Zootopia,$1023784195,$341268248,33.3%,$682515947,66.7%,2016.csv,2016
5,The Jungle Book,$966550600,$364001123,37.7%,$602549477,62.3%,2016.csv,2016
6,The Secret Life of Pets,$875457937,$368384330,42.1%,$507073607,57.9%,2016.csv,2016
7,Batman v Superman: Dawn of Justice,$873634919,$330360194,37.8%,$543274725,62.2%,2016.csv,2016
8,Fantastic Beasts and Where to Find Them,$814037575,$234037575,28.8%,$580000000,71.2%,2016.csv,2016
9,Deadpool,$782612155,$363070709,46.4%,$419541446,53.6%,2016.csv,2016
10,Suicide Squad,$746846894,$325100054,43.5%,$421746840,56.5%,2016.csv,2016
11,Doctor Strange,$677718395,$232641920,34.3%,$445076475,65.7%,2016.csv,2016
12,Moana,$643331111,$248757044,38.7%,$394574067,61.3%,2016.csv,2016
13,Sing,$634151679,$270395425,42.6%,$363756254,57.4%,2016.csv,2016
14,Mei ren yu,$553810228,$3232685,0.6%,$550577543,99.4%,2016.csv,2016
15,X-Men: Apocalypse,$543934105,$155442489,28.6%,$388491616,71.4%,2016.csv,2016
16,Kung Fu Panda 3,$521170825,$143528619,27.5%,$377642206,72.5%,2016.csv,2016
17,La La Land,$447407695,$151101803,33.8%,$296305892,66.2%,2016.csv,2016
18,Warcraft,$439048914,$47365290,10.8%,$391683624,89.2%,2016.csv,2016
19,Jason Bourne,$415484914,$162434410,39.1%,$253050504,60.9%,2016.csv,2016
20,Ice Age: Collision Course,$408579038,$64063008,15.7%,$344516030,84.3%,2016.csv,2016
21,Independence Day: Resurgence,$389681935,$103144286,26.5%,$286537649,73.5%,2016.csv,2016
22,Your Name.,$357986087,$5017246,1.4%,$352968841,98.6%,2016.csv,2016
23,The Legend of Tarzan,$356700357,$126643061,35.5%,$230057296,64.5%,2016.csv,2016
24,The Angry Birds Movie,$352333929,$107509366,30.5%,$244824563,69.5%,2016.csv,2016
25,Trolls,$346864462,$153707064,44.3%,$193157398,55.7%,2016.csv,2016
26,Star Trek Beyond,$343471816,$158848340,46.2%,$184623476,53.8%,2016.csv,2016
27,The Great Wall,$334933831,$45540830,13.6%,$289393001,86.4%,2016.csv,2016
28,Now You See Me 2,$334897606,$65075540,19.4%,$269822066,80.6%,2016.csv,2016
29,The Conjuring 2,$320392818,$102470008,32%,$217922810,68%,2016.csv,2016
30,Resident Evil: The Final Chapter,$312242626,$26830068,8.6%,$285412558,91.4%,2016.csv,2016
31,Dangal,$303723636,$12391761,4.1%,$291331875,95.9%,2016.csv,2016
32,Passengers,$303144152,$100014699,33%,$203129453,67%,2016.csv,2016
33,Alice Through the Looking Glass,$299457024,$77041381,25.7%,$222415643,74.3%,2016.csv,2016
34,Miss Peregrine's Home for Peculiar Children,$296482446,$87242834,29.4%,$209239612,70.6%,2016.csv,2016
35,Teenage Mutant Ninja Turtles: Out of the Shadows,$245623848,$82051601,33.4%,$163572247,66.6%,2016.csv,2016
36,Sully,$240797623,$125070033,51.9%,$115727590,48.1%,2016.csv,2016
37,Assassin's Creed,$240697856,$54647948,22.7%,$186049908,77.3%,2016.csv,2016
38,Hidden Figures,$235956898,$169607287,71.9%,$66349611,28.1%,2016.csv,2016
39,Ghostbusters,$229147509,$128350574,56%,$100796935,44%,2016.csv,2016
40,Inferno,$220021259,$34343574,15.6%,$185677685,84.4%,2016.csv,2016
41,Central Intelligence,$216972543,$127440871,58.7%,$89531672,41.3%,2016.csv,2016
42,Bridget Jones's Baby,$211952420,$24252420,11.4%,$187700000,88.6%,2016.csv,2016
43,Me Before You,$208314186,$56245075,27%,$152069111,73%,2016.csv,2016
44,London Has Fallen,$205754447,$62524260,30.4%,$143230187,69.6%,2016.csv,2016
45,Arrival,$203388186,$100546139,49.4%,$102842047,50.6%,2016.csv,2016
46,The BFG,$195243411,$55483770,28.4%,$139759641,71.6%,2016.csv,2016
47,The Monkey King 2,$193678298,$709982,0.4%,$192968316,99.6%,2016.csv,2016
48,Bad Moms,$183936074,$113257297,61.6%,$70678777,38.4%,2016.csv,2016
49,Storks,$183388953,$72679278,39.6%,$110709675,60.4%,2016.csv,2016
50,From Vegas to Macau III,$181732879,-,-,$181732879,100%,2016.csv,2016
51,Hacksaw Ridge,$180563636,$67209615,37.2%,$113354021,62.8%,2016.csv,2016
52,Allegiant,$179246868,$66184051,36.9%,$113062817,63.1%,2016.csv,2016
53,Operation Mekong,$173839072,$800012,0.5%,$173039060,99.5%,2016.csv,2016
54,The Girl on the Train,$173185859,$75395035,43.5%,$97790824,56.5%,2016.csv,2016
55,The Huntsman: Winter's War,$164989338,$48390190,29.3%,$116599148,70.7%,2016.csv,2016
56,The Magnificent Seven,$162360636,$93432655,57.5%,$68927981,42.5%,2016.csv,2016
57,Jack Reacher: Never Go Back,$162146076,$58697076,36.2%,$103449000,63.8%,2016.csv,2016
58,Don't Breathe,$157830487,$89217875,56.5%,$68612612,43.5%,2016.csv,2016
59,The Accountant,$155160045,$86260045,55.6%,$68900000,44.4%,2016.csv,2016
60,Lights Out,$148868835,$67268835,45.2%,$81600000,54.8%,2016.csv,2016
61,Time Raiders,$145819137,-,-,$145819137,100%,2016.csv,2016
62,Pete's Dragon,$143695338,$76233151,53.1%,$67462187,46.9%,2016.csv,2016
63,Sausage Party,$140705322,$97685686,69.4%,$43019636,30.6%,2016.csv,2016
64,Lion,$140312928,$51738905,36.9%,$88574023,63.1%,2016.csv,2016
65,Skiptrace,$136579287,-,-,$136579287,100%,2016.csv,2016
66,Mechanic: Resurrection,$125729635,$21218403,16.9%,$104511232,83.1%,2016.csv,2016
67,Deepwater Horizon,$121790373,$61433527,50.4%,$60356846,49.6%,2016.csv,2016
68,Allied,$119520023,$40098064,33.5%,$79421959,66.5%,2016.csv,2016
69,I Belonged to You,$119107580,$744541,0.6%,$118363039,99.4%,2016.csv,2016
70,The Shallows,$119100758,$55124043,46.3%,$63976715,53.7%,2016.csv,2016
71,The Purge: Election Year,$118587880,$79213375,66.8%,$39374505,33.2%,2016.csv,2016
72,Why Him?,$118102725,$60323786,51.1%,$57778939,48.9%,2016.csv,2016
73,Finding Mr Right 2,$114679097,-,-,$114679097,100%,2016.csv,2016
74,Office Christmas Party,$114501299,$54767494,47.8%,$59733805,52.2%,2016.csv,2016
75,How to Be Single,$112343513,$46843513,41.7%,$65500000,58.3%,2016.csv,2016
76,10 Cloverfield Lane,$110216998,$72082998,65.4%,$38134000,34.6%,2016.csv,2016
77,Neighbors 2: Sorority Rising,$108007109,$55455765,51.3%,$52551344,48.7%,2016.csv,2016
78,Cold War II,$103197501,$560824,0.5%,$102636677,99.5%,2016.csv,2016
79,Railroad Tigers,$102205175,$218044,0.2%,$101987131,99.8%,2016.csv,2016
80,Qing sheng,$95721320,$100026,0.1%,$95621294,99.9%,2016.csv,2016
81,Dirty Grandpa,$94073028,$35593113,37.8%,$58479915,62.2%,2016.csv,2016
82,Ben-Hur,$94061311,$26410477,28.1%,$67650834,71.9%,2016.csv,2016
83,Money Monster,$93282604,$41012075,44%,$52270529,56%,2016.csv,2016
84,Train to Busan,$92742323,$2129768,2.3%,$90612555,97.7%,2016.csv,2016
85,My Big Fat Greek Wedding 2,$90632641,$59689605,65.9%,$30943036,34.1%,2016.csv,2016
86,Collateral Beauty,$88528280,$31016021,35%,$57512259,65%,2016.csv,2016
87,Line Walker,$88228755,-,-,$88228755,100%,2016.csv,2016
88,Sultan,$87280000,$6200000,7.1%,$81080000,92.9%,2016.csv,2016
89,War Dogs,$86234523,$43034523,49.9%,$43200000,50.1%,2016.csv,2016
90,Big Fish & Begonia,$85409373,-,-,$85409373,100%,2016.csv,2016
91,Nerve,$85251425,$38583626,45.3%,$46667799,54.7%,2016.csv,2016
92,Leap!,$84197417,$2844490,3.4%,$81352927,96.6%,2016.csv,2016
93,Ouija: Origin of Evil,$81705746,$35144505,43%,$46561241,57%,2016.csv,2016
94,Underworld: Blood Wars,$81093313,$30353973,37.4%,$50739340,62.6%,2016.csv,2016
95,Manchester by the Sea,$78988148,$47695371,60.4%,$31292777,39.6%,2016.csv,2016
96,The Boss,$78844582,$63285885,80.3%,$15558697,19.7%,2016.csv,2016
97,Shin Godzilla,$77947607,$1918403,2.5%,$76029204,97.5%,2016.csv,2016
98,Mike and Dave Need Wedding Dates,$77068246,$46009673,59.7%,$31058573,40.3%,2016.csv,2016
99,Kubo and the Two Strings,$76249438,$48023088,63%,$28226350,37%,2016.csv,2016
100,Quo vado?,$75878701,-,-,$75878701,100%,2016.csv,2016
101,Boo! A Madea Halloween,$74827344,$73206343,97.8%,$1621001,2.2%,2016.csv,2016
102,Miracles from Heaven,$73983003,$61705123,83.4%,$12277880,16.6%,2016.csv,2016
103,I Am Not Madame Bovary,$70826207,$436798,0.6%,$70389409,99.4%,2016.csv,2016
104,Bai du ren,$70065569,-,-,$70065569,100%,2016.csv,2016
105,One Piece Film: Gold,$66207073,$423593,0.6%,$65783480,99.4%,2016.csv,2016
106,Moonlight,$65336603,$27854932,42.6%,$37481671,57.4%,2016.csv,2016
107,Monster Trucks,$64493915,$33370166,51.7%,$31123749,48.3%,2016.csv,2016
108,Fences,$64414761,$57682904,89.5%,$6731857,10.5%,2016.csv,2016
109,Hail Caesar!,$63647656,$30498085,47.9%,$33149571,52.1%,2016.csv,2016
110,The Nice Guys,$62788218,$36261763,57.8%,$26526455,42.2%,2016.csv,2016
111,Huo guo ying xiong,$58106427,$779818,1.3%,$57326609,98.7%,2016.csv,2016
112,L.O.R.D: Legend of Ravaging Dynasties,$58089494,$350456,0.6%,$57739038,99.4%,2016.csv,2016
113,Nine Lives,$57814445,$19700032,34.1%,$38114413,65.9%,2016.csv,2016
114,Zoolander 2,$56722693,$28848693,50.9%,$27874000,49.1%,2016.csv,2016
115,Barbershop: The Next Cut,$55030051,$54030051,98.2%,$1000000,1.8%,2016.csv,2016
116,The Age of Shadows,$54491162,$541719,1%,$53949443,99%,2016.csv,2016
117,A Chinese Odyssey: Part Three,$53306108,-,-,$53306108,100%,2016.csv,2016
118,Teo-neol,$52444295,$568876,1.1%,$51875419,98.9%,2016.csv,2016
119,Patriots Day,$52185751,$31886361,61.1%,$20299390,38.9%,2016.csv,2016
120,My Beloved Bodyguard,$52165873,-,-,$52165873,100%,2016.csv,2016
121,The Finest Hours,$52099090,$27569558,52.9%,$24529532,47.1%,2016.csv,2016
122,Master,$51636415,$597251,1.2%,$51039164,98.8%,2016.csv,2016
123,Doraemon the Movie: Nobita and the Birth of Japan,$50939840,-,-,$50939840,100%,2016.csv,2016
124,The Wailing,$49851770,$786633,1.6%,$49065137,98.4%,2016.csv,2016
125,Demain tout commence,$49619118,-,-,$49619118,100%,2016.csv,2016
126,Never Gone,$48980792,$96421,0.2%,$48884371,99.8%,2016.csv,2016
127,Luck-Key,$48913975,$466505,1%,$48447470,99%,2016.csv,2016
128,Florence Foster Jenkins,$48902953,$27383770,56%,$21519183,44%,2016.csv,2016
129,Mother's Day,$48782670,$32492859,66.6%,$16289811,33.4%,2016.csv,2016
130,Yo-kai Watch Movie: It's the Secret of Birth Meow! 2016 Re-release,$47642462,-,-,$47642462,100%,2016.csv,2016
131,A Monster Calls,$47309313,$3740823,7.9%,$43568490,92.1%,2016.csv,2016
132,Risen,$46432579,$36880033,79.4%,$9552546,20.6%,2016.csv,2016
133,Eddie the Eagle,$46152800,$15789389,34.2%,$30363411,65.8%,2016.csv,2016
134,Blair Witch,$45173154,$20777061,46%,$24396093,54%,2016.csv,2016
135,Boonie Bears: The Big Top Secret,$45150390,-,-,$45150390,100%,2016.csv,2016
136,Café Society,$43763247,$11103205,25.4%,$32660042,74.6%,2016.csv,2016
137,League of Gods,$43498766,$181633,0.4%,$43317133,99.6%,2016.csv,2016
138,Almost Christmas,$42580920,$42158780,99%,$422140,1%,2016.csv,2016
139,The Witch,$40423945,$25138705,62.2%,$15285240,37.8%,2016.csv,2016
140,The Wild Life,$40075446,$8005586,20%,$32069860,80%,2016.csv,2016
141,Love O2O,$39969537,-,-,$39969537,100%,2016.csv,2016
142,The Forest,$39712000,$26594261,67%,$13117739,33%,2016.csv,2016
143,Absolutely Fabulous: The Movie,$39219109,$4772155,12.2%,$34446954,87.8%,2016.csv,2016
144,My Mom Is a Character 2,$39195565,-,-,$39195565,100%,2016.csv,2016
145,Masterpiece Mystery: Sherlock: The Abominable Bride,$39139204,-,-,$39139204,100%,2016.csv,2016
146,Crouching Tiger Hidden Dragon: Sword of Destiny,$38659039,-,-,$38659039,100%,2016.csv,2016
147,Hell or High Water,$37879877,$27007844,71.3%,$10872033,28.7%,2016.csv,2016
148,Mission Milano,$37749848,-,-,$37749848,100%,2016.csv,2016
149,The Handmaiden,$37692886,$2006788,5.3%,$35686098,94.7%,2016.csv,2016
150,Snowden,$37357216,$21587519,57.8%,$15769697,42.2%,2016.csv,2016
151,Nobunaga Concerto: The Movie,$36187594,-,-,$36187594,100%,2016.csv,2016
152,Eye in the Sky,$35259653,$18704595,53%,$16555058,47%,2016.csv,2016
153,Les Tuche 2: The American Dream,$35210425,-,-,$35210425,100%,2016.csv,2016
154,Os Dez Mandamentos - O Filme,$31998251,-,-,$31998251,100%,2016.csv,2016
155,Bounty Hunters,$31918573,-,-,$31918573,100%,2016.csv,2016
156,Ae Dil Hai Mushkil,$31668920,$4264983,13.5%,$27403937,86.5%,2016.csv,2016
157,Assassination Classroom: The Graduation,$31352921,-,-,$31352921,100%,2016.csv,2016
158,Perfect Strangers,$31254929,-,-,$31254929,100%,2016.csv,2016
159,Billy Lynn's Long Halftime Walk,$30930984,$1738477,5.6%,$29192507,94.4%,2016.csv,2016
160,Pandora,$30896701,-,-,$30896701,100%,2016.csv,2016
161,Norm of the North,$30734502,$17062499,55.5%,$13672003,44.5%,2016.csv,2016
162,When the Bough Breaks,$30658387,$29747603,97%,$910784,3%,2016.csv,2016
163,S Storm,$30381402,-,-,$30381402,100%,2016.csv,2016
164,Nocturnal Animals,$30311857,$10663357,35.2%,$19648500,64.8%,2016.csv,2016
165,A Silent Voice: The Movie,$30156463,$310407,1%,$29846056,99%,2016.csv,2016
166,Keeping Up with the Joneses,$29918745,$14904426,49.8%,$15014319,50.2%,2016.csv,2016
167,Jackie,$29777777,$13960394,46.9%,$15817383,53.1%,2016.csv,2016
168,Masterminds,$29674699,$17368022,58.5%,$12306677,41.5%,2016.csv,2016
169,Flight Crew,$29171110,-,-,$29171110,100%,2016.csv,2016
170,Viking,$29161298,-,-,$29161298,100%,2016.csv,2016
171,M.S. Dhoni: The Untold Story,$28903047,$1801550,6.2%,$27101497,93.8%,2016.csv,2016
172,Fan,$28240000,$2300000,8.1%,$25940000,91.9%,2016.csv,2016
173,Yôkai Watch: the Movie: The Flying Whale and the Grand Adventure of the Double Worlds Meow!,$28110245,-,-,$28110245,100%,2016.csv,2016
174,Welcome to Germany,$28036021,-,-,$28036021,100%,2016.csv,2016
175,The Brothers Grimsby,$27979040,$6874837,24.6%,$21104203,75.4%,2016.csv,2016
176,When Larry Meets Mary,$27863090,-,-,$27863090,100%,2016.csv,2016
177,Yesterday Once More,$27411872,-,-,$27411872,100%,2016.csv,2016
178,The Light Between Oceans,$25975621,$12545979,48.3%,$13429642,51.7%,2016.csv,2016
179,A Beautiful Planet,$25730120,$15650615,60.8%,$10079505,39.2%,2016.csv,2016
180,Mr. Donkey,$25537759,$356255,1.4%,$25181504,98.6%,2016.csv,2016
181,Born in China,$25081168,$13873211,55.3%,$11207957,44.7%,2016.csv,2016
182,Race,$25070261,$19206207,76.6%,$5864054,23.4%,2016.csv,2016
183,Call of Heroes,$25040561,-,-,$25040561,100%,2016.csv,2016
184,Free State of Jones,$25035950,$20810036,83.1%,$4225914,16.9%,2016.csv,2016
185,Whiskey Tango Foxtrot,$24972139,$23083334,92.4%,$1888805,7.6%,2016.csv,2016
186,Soulmate,$24684439,-,-,$24684439,100%,2016.csv,2016
187,The Snow Queen 3: Fire and Ice,$24644317,-,-,$24644317,100%,2016.csv,2016
188,God's Not Dead 2,$24487848,$20774575,84.8%,$3713273,15.2%,2016.csv,2016
189,Camping 3,$24224579,-,-,$24224579,100%,2016.csv,2016
190,The Founder,$24121245,$12786053,53%,$11335192,47%,2016.csv,2016
191,Bad Santa 2,$24079268,$17782178,73.8%,$6297090,26.2%,2016.csv,2016
192,Spirits' Homecoming,$23857217,$125616,0.5%,$23731601,99.5%,2016.csv,2016
193,Silence,$23834809,$7100177,29.8%,$16734632,70.2%,2016.csv,2016
194,Kevin Hart: What Now?,$23591043,$23591043,100%,-,-,2016.csv,2016
195,No manches Frida,$23540937,$11528613,49%,$12012324,51%,2016.csv,2016
196,Middle School: The Worst Years of My Life,$23316139,$20007149,85.8%,$3308990,14.2%,2016.csv,2016
197,Triple 9,$23177948,$12639297,54.5%,$10538651,45.5%,2016.csv,2016
198,Rock Dog,$23157646,$9420546,40.7%,$13737100,59.3%,2016.csv,2016
199,The Choice,$23064015,$18730891,81.2%,$4333124,18.8%,2016.csv,2016
200,Penny Pincher!,$22955486,-,-,$22955486,100%,2016.csv,2016
1,Star Wars: Episode VIII - The Last Jedi,$1332539889,$620181382,46.5%,$712358507,53.5%,2017.csv,2017
2,Beauty and the Beast,$1263521126,$504014165,39.9%,$759506961,60.1%,2017.csv,2017
3,The Fate of the Furious,$1236005118,$226008385,18.3%,$1009996733,81.7%,2017.csv,2017
4,Despicable Me 3,$1034799409,$264624300,25.6%,$770175109,74.4%,2017.csv,2017
5,Jumanji: Welcome to the Jungle,$962077546,$404515480,42%,$557562066,58%,2017.csv,2017
6,Spider-Man: Homecoming,$880166924,$334201140,38%,$545965784,62%,2017.csv,2017
7,Wolf Warrior 2,$870325439,$2721100,0.3%,$867604339,99.7%,2017.csv,2017
8,Guardians of the Galaxy Vol. 2,$863756051,$389813101,45.1%,$473942950,54.9%,2017.csv,2017
9,Thor: Ragnarok,$853977126,$315058289,36.9%,$538918837,63.1%,2017.csv,2017
10,Wonder Woman,$821847012,$412563408,50.2%,$409283604,49.8%,2017.csv,2017
11,Coco,$807816196,$210460015,26.1%,$597356181,73.9%,2017.csv,2017
12,Pirates of the Caribbean: Dead Men Tell No Tales,$794861794,$172558876,21.7%,$622302918,78.3%,2017.csv,2017
13,It,$700381748,$327481748,46.8%,$372900000,53.2%,2017.csv,2017
14,Justice League,$657924295,$229024295,34.8%,$428900000,65.2%,2017.csv,2017
15,Logan,$619021436,$226277068,36.6%,$392744368,63.4%,2017.csv,2017
16,Transformers: The Last Knight,$605425157,$130168683,21.5%,$475256474,78.5%,2017.csv,2017
17,Kong: Skull Island,$566652812,$168052812,29.7%,$398600000,70.3%,2017.csv,2017
18,The Boss Baby,$527965936,$175003033,33.1%,$352962903,66.9%,2017.csv,2017
19,Dunkirk,$525245546,$188045546,35.8%,$337200000,64.2%,2017.csv,2017
20,War for the Planet of the Apes,$490719763,$146880162,29.9%,$343839601,70.1%,2017.csv,2017
21,The Greatest Showman,$434993183,$174340174,40.1%,$260653009,59.9%,2017.csv,2017
22,Kingsman: The Golden Circle,$410902662,$100234838,24.4%,$310667824,75.6%,2017.csv,2017
23,The Mummy,$409231607,$80227895,19.6%,$329003712,80.4%,2017.csv,2017
24,Cars 3,$383930656,$152901115,39.8%,$231029541,60.2%,2017.csv,2017
25,Fifty Shades Darker,$381545846,$114581250,30%,$266964596,70%,2017.csv,2017
26,Murder on the Orient Express,$352789811,$102826543,29.1%,$249963268,70.9%,2017.csv,2017
27,xXx: Return of Xander Cage,$346118277,$44898413,13%,$301219864,87%,2017.csv,2017
28,Never Say Die,$334530869,-,-,$334530869,100%,2017.csv,2017
29,The Lego Batman Movie,$311950384,$175750384,56.3%,$136200000,43.7%,2017.csv,2017
30,The Ex-File 3: The Return of The Exes,$307592427,$838959,0.3%,$306753468,99.7%,2017.csv,2017
31,Annabelle: Creation,$306515884,$102092201,33.3%,$204423683,66.7%,2017.csv,2017
32,Wonder,$305937718,$132422809,43.3%,$173514909,56.7%,2017.csv,2017
33,Ferdinand,$296069199,$84410380,28.5%,$211658819,71.5%,2017.csv,2017
34,Split,$278454358,$138291365,49.7%,$140162993,50.3%,2017.csv,2017
35,Blade Runner 2049,$259239658,$92054159,35.5%,$167185499,64.5%,2017.csv,2017
36,Kung Fu Yoga,$257743016,$362657,0.1%,$257380359,99.9%,2017.csv,2017
37,Get Out,$255407969,$176040665,68.9%,$79367304,31.1%,2017.csv,2017
38,Baahubali 2: The Conclusion,$254158390,$20186659,7.9%,$233971731,92.1%,2017.csv,2017
39,Journey to the West: The Demons Strike Back,$247585244,$880346,0.4%,$246704898,99.6%,2017.csv,2017
40,Alien: Covenant,$240891763,$74262031,30.8%,$166629732,69.2%,2017.csv,2017
41,Paddington 2,$227978523,$40891591,17.9%,$187086932,82.1%,2017.csv,2017
42,Youth,$227091290,$1891956,0.8%,$225199334,99.2%,2017.csv,2017
43,Baby Driver,$226945087,$107825862,47.5%,$119119225,52.5%,2017.csv,2017
44,Valerian and the City of a Thousand Planets,$225874228,$41189488,18.2%,$184684740,81.8%,2017.csv,2017
45,Geostorm,$221600160,$33700160,15.2%,$187900000,84.8%,2017.csv,2017
46,The Emoji Movie,$217776646,$86089513,39.5%,$131687133,60.5%,2017.csv,2017
47,A Dog's Purpose,$205035819,$64508620,31.5%,$140527199,68.5%,2017.csv,2017
48,Smurfs: The Lost Village,$197183546,$45020282,22.8%,$152163264,77.2%,2017.csv,2017
49,The Shape of Water,$195333312,$63859435,32.7%,$131473877,67.3%,2017.csv,2017
50,Pitch Perfect 3,$185400345,$104897530,56.6%,$80502815,43.4%,2017.csv,2017
51,Daddy's Home 2,$180613180,$104029443,57.6%,$76583737,42.4%,2017.csv,2017
52,The Post,$179769457,$81903458,45.6%,$97865999,54.4%,2017.csv,2017
53,Baywatch,$177856751,$58060186,32.6%,$119796565,67.4%,2017.csv,2017
54,The Hitman's Bodyguard,$176586701,$75468583,42.7%,$101118118,57.3%,2017.csv,2017
55,John Wick: Chapter 2,$171539887,$92029184,53.6%,$79510703,46.4%,2017.csv,2017
56,Ghost in the Shell,$169801921,$40563557,23.9%,$129238364,76.1%,2017.csv,2017
57,Three Billboards Outside Ebbing Missouri,$160192031,$54513740,34%,$105678291,66%,2017.csv,2017
58,Duckweed,$152894264,$471575,0.3%,$152422689,99.7%,2017.csv,2017
59,Darkest Hour,$150847207,$56468410,37.4%,$94378797,62.6%,2017.csv,2017
60,King Arthur: Legend of the Sword,$148675066,$39175066,26.3%,$109500000,73.7%,2017.csv,2017
61,The Foreigner,$145374099,$34393507,23.7%,$110980592,76.3%,2017.csv,2017
62,Power Rangers,$142337240,$85364450,60%,$56972790,40%,2017.csv,2017
63,Girls Trip,$140552359,$115171585,81.9%,$25380774,18.1%,2017.csv,2017
64,American Made,$134866593,$51342000,38.1%,$83524593,61.9%,2017.csv,2017
65,A Bad Moms Christmas,$130560428,$72110659,55.2%,$58449769,44.8%,2017.csv,2017
66,Happy Death Day,$125479266,$55683845,44.4%,$69795421,55.6%,2017.csv,2017
67,Captain Underpants: The First Epic Movie,$125427681,$73921000,58.9%,$51506681,41.1%,2017.csv,2017
68,The Lego Ninjago Movie,$123081555,$59281555,48.2%,$63800000,51.8%,2017.csv,2017
69,Secret Superstar,$122026260,-,-,$122026260,100%,2017.csv,2017
70,The Commuter,$119942387,$36343858,30.3%,$83598529,69.7%,2017.csv,2017
71,Forever Young,$119055731,-,-,$119055731,100%,2017.csv,2017
72,The Dark Tower,$113231078,$50701325,44.8%,$62529753,55.2%,2017.csv,2017
73,Buddies in India,$110155128,$293194,0.3%,$109861934,99.7%,2017.csv,2017
74,Along With the Gods: The Two Worlds,$109383972,$1908823,1.7%,$107475149,98.3%,2017.csv,2017
75,The Tales of Wukong,$103818506,-,-,$103818506,100%,2017.csv,2017
76,Jigsaw,$102952888,$38052832,37%,$64900056,63%,2017.csv,2017
77,Life,$100541806,$30234022,30.1%,$70307784,69.9%,2017.csv,2017
78,Atomic Blonde,$100014025,$51687870,51.7%,$48326155,48.3%,2017.csv,2017
79,Legend of the Demon Cat,$97051623,-,-,$97051623,100%,2017.csv,2017
80,The Shack,$96942115,$57386418,59.2%,$39555697,40.8%,2017.csv,2017
81,Chasing the Dragon,$87965942,$456854,0.5%,$87509088,99.5%,2017.csv,2017
82,Tiger Zinda Hai,$87320000,$5560921,6.4%,$81759079,93.6%,2017.csv,2017
83,A Taxi Driver,$86252940,$1527829,1.8%,$84725111,98.2%,2017.csv,2017
84,Going in Style,$84918541,$45018541,53%,$39900000,47%,2017.csv,2017
85,Rings,$83080890,$27793018,33.5%,$55287872,66.5%,2017.csv,2017
86,Once Upon A Time,$82886178,$485728,0.6%,$82400450,99.4%,2017.csv,2017
87,Paradox,$79226860,-,-,$79226860,100%,2017.csv,2017
88,Lady Bird,$78965611,$48958273,62%,$30007338,38%,2017.csv,2017
89,Fantastica: A Boonie Bears Adventure,$77151096,-,-,$77151096,100%,2017.csv,2017
90,The Nut Job 2: Nutty by Nature,$68743485,$28370522,41.3%,$40372963,58.7%,2017.csv,2017
91,American Assassin,$67234188,$36249674,53.9%,$30984514,46.1%,2017.csv,2017
92,Victoria & Abdul,$66558465,$22245070,33.4%,$44313395,66.6%,2017.csv,2017
93,Suck Me Shakespeer 3,$64236772,-,-,$64236772,100%,2017.csv,2017
94,Detective Conan: Crimson Love Letter,$63144805,-,-,$63144805,100%,2017.csv,2017
95,The Mountain Between Us,$62832209,$30348555,48.3%,$32483654,51.7%,2017.csv,2017
96,The Star,$62812974,$40852824,65%,$21960150,35%,2017.csv,2017
97,How to Be a Latin Lover,$62547032,$32149404,51.4%,$30397628,48.6%,2017.csv,2017
98,47 Meters Down,$62187529,$44307191,71.2%,$17880338,28.8%,2017.csv,2017
99,Everything Everything,$61621140,$34121140,55.4%,$27500000,44.6%,2017.csv,2017
100,Doraemon: Great Adventure in the Antarctic Kachi Kochi,$61153455,-,-,$61153455,100%,2017.csv,2017
101,Snatched,$60845711,$45852178,75.4%,$14993533,24.6%,2017.csv,2017
102,The Founding of an Army,$60600361,-,-,$60600361,100%,2017.csv,2017
103,My Little Pony: The Movie,$60330833,$21885107,36.3%,$38445726,63.7%,2017.csv,2017
104,Molly's Game,$59284015,$28780744,48.5%,$30503271,51.5%,2017.csv,2017
105,The Devotion of Suspect X,$59035664,$686435,1.2%,$58349229,98.8%,2017.csv,2017
106,Shock Wave,$58815633,-,-,$58815633,100%,2017.csv,2017
107,Goldbuster,$57628292,$186135,0.3%,$57442157,99.7%,2017.csv,2017
108,All the Money in the World,$56996304,$25113707,44.1%,$31882597,55.9%,2017.csv,2017
109,The Big Sick,$56411585,$42873127,76%,$13538458,24%,2017.csv,2017
110,Gongjo,$55972241,$475618,0.8%,$55496623,99.2%,2017.csv,2017
111,All Eyez on Me,$55668698,$44922302,80.7%,$10746396,19.3%,2017.csv,2017
112,Downsizing,$55003890,$24449754,44.5%,$30554136,55.5%,2017.csv,2017
113,I Tonya,$53939297,$30014539,55.6%,$23924758,44.4%,2017.csv,2017
114,1987: When the Day Comes,$53833618,-,-,$53833618,100%,2017.csv,2017
115,The Outlaws,$52946454,-,-,$52946454,100%,2017.csv,2017
116,Bleeding Steel,$48825526,-,-,$48825526,100%,2017.csv,2017
117,Logan Lucky,$48453605,$27780977,57.3%,$20672628,42.7%,2017.csv,2017
118,Boo 2! A Madea Halloween,$48333932,$47319572,97.9%,$1014360,2.1%,2017.csv,2017
119,Sky Hunter,$48065601,-,-,$48065601,100%,2017.csv,2017
120,Phantom Thread,$47756590,$21198205,44.4%,$26558385,55.6%,2017.csv,2017
121,Rough Night,$47347283,$22105643,46.7%,$25241640,53.3%,2017.csv,2017
122,Son of Bigfoot,$47046281,$289308,0.6%,$46756973,99.4%,2017.csv,2017
123,Three Seconds,$46596415,-,-,$46596415,100%,2017.csv,2017
124,The Thousand Faces of Dunjia,$46263237,$124187,0.3%,$46139050,99.7%,2017.csv,2017
125,The Battleship Island,$46183383,$1104957,2.4%,$45078426,97.6%,2017.csv,2017
126,Hanson and the Beast,$46154323,-,-,$46154323,100%,2017.csv,2017
127,Gintama Live Action the Movie,$45746967,-,-,$45746967,100%,2017.csv,2017
128,Guilty of Mind,$45698503,-,-,$45698503,100%,2017.csv,2017
129,Flatliners,$45158254,$16883115,37.4%,$28275139,62.6%,2017.csv,2017
130,Bad Genius,$44560421,-,-,$44560421,100%,2017.csv,2017
131,Mother!,$44516999,$17800004,40%,$26716995,60%,2017.csv,2017
132,Wind River,$43980821,$33800859,76.9%,$10179962,23.1%,2017.csv,2017
133,Battle of Memories,$43892362,$594552,1.4%,$43297810,98.6%,2017.csv,2017
134,The Snowman,$43155261,$6700035,15.5%,$36455226,84.5%,2017.csv,2017
135,Gifted,$43046590,$24801212,57.6%,$18245378,42.4%,2017.csv,2017
136,Loving Vincent,$42187665,$6735118,16%,$35452547,84%,2017.csv,2017
137,Mary and the Witch's Flower,$41978431,$2418404,5.8%,$39560027,94.2%,2017.csv,2017
138,Call Me by Your Name,$41887595,$18095701,43.2%,$23791894,56.8%,2017.csv,2017
139,T2 Trainspotting,$41681746,$2402004,5.8%,$39279742,94.2%,2017.csv,2017
140,Fist Fight,$41087017,$32187017,78.3%,$8900000,21.7%,2017.csv,2017
141,The Circle,$40656399,$20497844,50.4%,$20158555,49.6%,2017.csv,2017
142,Diary of a Wimpy Kid: The Long Haul,$40140972,$20738724,51.7%,$19402248,48.3%,2017.csv,2017
143,Brotherhood of Blades 2,$39966092,$14204,<0.1%,$39951888,100%,2017.csv,2017
144,Midnight Runners,$39730433,-,-,$39730433,100%,2017.csv,2017
145,The King,$37886707,-,-,$37886707,100%,2017.csv,2017
146,Pokémon the Movie: I Choose You!,$37552144,$2401722,6.4%,$35150422,93.6%,2017.csv,2017
147,Home Again,$37270721,$27020284,72.5%,$10250437,27.5%,2017.csv,2017
148,The Adventurers,$36796816,$216556,0.6%,$36580260,99.4%,2017.csv,2017
149,Tad the Lost Explorer and the Secret of King Midas,$35704046,$5874,<0.1%,$35698172,100%,2017.csv,2017
150,Hostiles,$35669017,$29819114,83.6%,$5849903,16.4%,2017.csv,2017
151,Namiya,$35351623,$70814,0.2%,$35280809,99.8%,2017.csv,2017
152,Destiny: The Tale of Kamakura,$35166640,-,-,$35166640,100%,2017.csv,2017
153,The Liquidator,$35046130,-,-,$35046130,100%,2017.csv,2017
154,Kidnap,$34814102,$30971040,89%,$3843062,11%,2017.csv,2017
155,R.A.I.D. Special Unit,$34598750,-,-,$34598750,100%,2017.csv,2017
156,The House,$34184504,$25584504,74.8%,$8600000,25.2%,2017.csv,2017
157,I Want to Eat Your Pancreas,$33748006,$277019,0.8%,$33470987,99.2%,2017.csv,2017
158,Perfect Strangers,$33262366,$1014507,3.1%,$32247859,96.9%,2017.csv,2017
159,Sleepless,$32917353,$20783704,63.1%,$12133649,36.9%,2017.csv,2017
160,Hindi Medium,$32841493,-,-,$32841493,100%,2017.csv,2017
161,Steel Rain,$32783733,-,-,$32783733,100%,2017.csv,2017
162,C'est la vie!,$32764243,-,-,$32764243,100%,2017.csv,2017
163,The House That Never Dies: Reawakening,$32433588,-,-,$32433588,100%,2017.csv,2017
164,The Invisible Guest,$31191910,-,-,$31191910,100%,2017.csv,2017
165,This Is Not What I Expected,$30996615,$337670,1.1%,$30658945,98.9%,2017.csv,2017
166,The Last Warrior,$30618274,-,-,$30618274,100%,2017.csv,2017
167,Reset 2017 Re-release,$29949252,$108970,0.4%,$29840282,99.6%,2017.csv,2017
168,The Bye Bye Man,$29874280,$22395806,75%,$7478474,25%,2017.csv,2017
169,The Disaster Artist,$29820616,$21120616,70.8%,$8700000,29.2%,2017.csv,2017
170,The Swindlers,$29721916,$241916,0.8%,$29480000,99.2%,2017.csv,2017
171,Alibi.com,$29370592,-,-,$29370592,100%,2017.csv,2017
172,Sword Art Online the Movie: Ordinal Scale,$29322339,$1522976,5.2%,$27799363,94.8%,2017.csv,2017
173,Recep Ivedik 5,$28952258,-,-,$28952258,100%,2017.csv,2017
174,Judwaa 2,$28733523,$1431255,5%,$27302268,95%,2017.csv,2017
175,The Fortress,$28645448,$252895,0.9%,$28392553,99.1%,2017.csv,2017
176,What Happened to Monday,$27975429,-,-,$27975429,100%,2017.csv,2017
177,Monster Family,$27890108,$127259,0.5%,$27762849,99.5%,2017.csv,2017
178,The Beguiled,$27869129,$10709995,38.4%,$17159134,61.6%,2017.csv,2017
179,CHIPS,$26800152,$18600152,69.4%,$8200000,30.6%,2017.csv,2017
180,A Cure for Wellness,$26620002,$8106986,30.5%,$18513016,69.5%,2017.csv,2017
181,Only the Brave,$26351322,$18343983,69.6%,$8007339,30.4%,2017.csv,2017
182,Twenty Two,$26289378,$46796,0.2%,$26242582,99.8%,2017.csv,2017
183,The Zookeeper's Wife,$26152835,$17571660,67.2%,$8581175,32.8%,2017.csv,2017
184,Badrinath Ki Dulhania,$26134309,$1993259,7.6%,$24141050,92.4%,2017.csv,2017
185,A Chinese Odyssey: Part 2 - Cinderella 2017 Re-release,$25960664,-,-,$25960664,100%,2017.csv,2017
186,Love Off the Cuff,$25959989,-,-,$25959989,100%,2017.csv,2017
187,Fireworks,$25672406,$525280,2%,$25147126,98%,2017.csv,2017
188,Father Figures,$25601244,$17501244,68.4%,$8100000,31.6%,2017.csv,2017
189,Money,$25403753,-,-,$25403753,100%,2017.csv,2017
190,The Death of Stalin,$24646055,$8047856,32.7%,$16598199,67.3%,2017.csv,2017
191,The 8-Year Engagement,$24425963,-,-,$24425963,100%,2017.csv,2017
192,Jolly LLB 2,$24214186,$1654254,6.8%,$22559932,93.2%,2017.csv,2017
193,I Can Speak,$24024444,$63239,0.3%,$23961205,99.7%,2017.csv,2017
194,Wish Upon,$23468586,$14301505,60.9%,$9167081,39.1%,2017.csv,2017
195,Detroit,$23355100,$16790139,71.9%,$6564961,28.1%,2017.csv,2017
196,Extraordinary Mission,$22757764,$54174,0.2%,$22703590,99.8%,2017.csv,2017
197,The Glass Castle,$22088533,$17273059,78.2%,$4815474,21.8%,2017.csv,2017
198,Leap! 2017 Re-release,$21929861,$21858070,99.7%,$71791,0.3%,2017.csv,2017
199,Épouse-moi mon pote,$21571464,-,-,$21571464,100%,2017.csv,2017
200,The Prison,$21205329,$207481,1%,$20997848,99%,2017.csv,2017
1,Avengers: Infinity War,$2048359754,$678815482,33.1%,$1369544272,66.9%,2018.csv,2018
2,Black Panther,$1346913161,$700059566,52%,$646853595,48%,2018.csv,2018
3,Jurassic World: Fallen Kingdom,$1308467944,$417719760,31.9%,$890748184,68.1%,2018.csv,2018
4,Incredibles 2,$1242805359,$608581744,49%,$634223615,51%,2018.csv,2018
5,Aquaman,$1148461807,$335061807,29.2%,$813400000,70.8%,2018.csv,2018
6,Bohemian Rhapsody,$903655259,$216428042,24%,$687227217,76%,2018.csv,2018
7,Venom,$856085151,$213515506,24.9%,$642569645,75.1%,2018.csv,2018
8,Mission: Impossible - Fallout,$791115104,$220159104,27.8%,$570956000,72.2%,2018.csv,2018
9,Deadpool 2,$734546611,$318491426,43.4%,$416055185,56.6%,2018.csv,2018
10,Fantastic Beasts: The Crimes of Grindelwald,$654855901,$159555901,24.4%,$495300000,75.6%,2018.csv,2018
11,Ant-Man and the Wasp,$622674139,$216648740,34.8%,$406025399,65.2%,2018.csv,2018
12,Ready Player One,$582890172,$137690172,23.6%,$445200000,76.4%,2018.csv,2018
13,Operation Red Sea,$579330426,$1543547,0.3%,$577786879,99.7%,2018.csv,2018
14,Detective Chinatown 2,$544185156,$1983984,0.4%,$542201172,99.6%,2018.csv,2018
15,The Meg,$530243742,$145443742,27.4%,$384800000,72.6%,2018.csv,2018
16,Ralph Breaks the Internet,$529323962,$201091711,38%,$328232251,62%,2018.csv,2018
17,Hotel Transylvania 3: Summer Vacation,$528583774,$167510016,31.7%,$361073758,68.3%,2018.csv,2018
18,The Grinch,$511595957,$270620950,52.9%,$240975007,47.1%,2018.csv,2018
19,Bumblebee,$467989645,$127195589,27.2%,$340794056,72.8%,2018.csv,2018
20,Dying to Survive,$451176639,-,-,$451176639,100%,2018.csv,2018
21,A Star Is Born,$436188866,$215288866,49.4%,$220900000,50.6%,2018.csv,2018
22,Rampage,$428028233,$101028233,23.6%,$327000000,76.4%,2018.csv,2018
23,Mamma Mia! Here We Go Again,$395044706,$120634935,30.5%,$274409771,69.5%,2018.csv,2018
24,Solo: A Star Wars Story,$392924807,$213767512,54.4%,$179157295,45.6%,2018.csv,2018
25,Spider-Man: Into the Spider-Verse,$375540831,$190241310,50.7%,$185299521,49.3%,2018.csv,2018
26,Fifty Shades Freed,$371985018,$100407760,27%,$271577258,73%,2018.csv,2018
27,Hello Mr. Billionaire,$366961907,-,-,$366961907,100%,2018.csv,2018
28,The Nun,$365550119,$117450119,32.1%,$248100000,67.9%,2018.csv,2018
29,Monster Hunt 2,$361682618,$706153,0.2%,$360976465,99.8%,2018.csv,2018
30,Peter Rabbit,$351266433,$115253424,32.8%,$236013009,67.2%,2018.csv,2018
31,Mary Poppins Returns,$349537494,$171958438,49.2%,$177579056,50.8%,2018.csv,2018
32,A Quiet Place,$340939361,$188024361,55.1%,$152915000,44.9%,2018.csv,2018
33,Green Book,$321752656,$85080171,26.4%,$236672485,73.6%,2018.csv,2018
34,Skyscraper,$304868961,$68420120,22.4%,$236448841,77.6%,2018.csv,2018
35,Ocean's Eight,$297718711,$140218711,47.1%,$157500000,52.9%,2018.csv,2018
36,Pacific Rim: Uprising,$290930148,$59874525,20.6%,$231055623,79.4%,2018.csv,2018
37,Maze Runner: The Death Cure,$288175335,$58032443,20.1%,$230142892,79.9%,2018.csv,2018
38,Tomb Raider,$274650803,$58250803,21.2%,$216400000,78.8%,2018.csv,2018
39,Halloween,$255485178,$159342015,62.4%,$96143163,37.6%,2018.csv,2018
40,Crazy Rich Asians,$238532921,$174532921,73.2%,$64000000,26.8%,2018.csv,2018
41,Creed II,$214215889,$115715889,54%,$98500000,46%,2018.csv,2018
42,Smallfoot,$214040103,$83240103,38.9%,$130800000,61.1%,2018.csv,2018
43,Us and Them,$209221380,-,-,$209221380,100%,2018.csv,2018
44,The Island,$198326350,$670883,0.3%,$197655467,99.7%,2018.csv,2018
45,Christopher Robin,$197744377,$99215042,50.2%,$98529335,49.8%,2018.csv,2018
46,The Equalizer 2,$190400157,$102084362,53.6%,$88315795,46.4%,2018.csv,2018
47,Project Gutenberg,$188116796,-,-,$188116796,100%,2018.csv,2018
48,The Mule,$174804407,$103804407,59.4%,$71000000,40.6%,2018.csv,2018
49,The Nutcracker and the Four Realms,$173961069,$54858851,31.5%,$119102218,68.5%,2018.csv,2018
50,Insidious: The Last Key,$167885588,$67745330,40.4%,$100140258,59.6%,2018.csv,2018
51,The Predator,$160542134,$51024708,31.8%,$109517426,68.2%,2018.csv,2018
52,Johnny English Strikes Again,$158970776,$4412170,2.8%,$154558606,97.2%,2018.csv,2018
53,Red Sparrow,$151572634,$46874505,30.9%,$104698129,69.1%,2018.csv,2018
54,More Than Blue,$142958164,$722669,0.5%,$142235495,99.5%,2018.csv,2018
55,The First Purge,$137056262,$69488745,50.7%,$67567517,49.3%,2018.csv,2018
56,How Long Will I Love U,$136796719,$746933,0.5%,$136049786,99.5%,2018.csv,2018
57,A Wrinkle in Time,$132675864,$100478608,75.7%,$32197256,24.3%,2018.csv,2018
58,The House with a Clock in Its Walls,$131457147,$68549695,52.1%,$62907452,47.9%,2018.csv,2018
59,Instant Family,$120556201,$67363237,55.9%,$53192964,44.1%,2018.csv,2018
60,A Cool Fish,$118153135,$551876,0.5%,$117601259,99.5%,2018.csv,2018
61,Game Night,$117679066,$69179066,58.8%,$48500000,41.2%,2018.csv,2018
62,Dragon Ball Super: Broly,$115757940,$30712119,26.5%,$85045821,73.5%,2018.csv,2018
63,The Monkey King 3,$115084576,$187074,0.2%,$114897502,99.8%,2018.csv,2018
64,First Man,$105697415,$44936545,42.5%,$60760870,57.5%,2018.csv,2018
65,Book Club,$104438188,$68566296,65.7%,$35871892,34.3%,2018.csv,2018
66,Night School,$103105878,$77339130,75%,$25766748,25%,2018.csv,2018
67,Detective Conan: Zero the Enforcer,$101860359,-,-,$101860359,100%,2018.csv,2018
68,Alpha,$98203196,$35857181,36.5%,$62346015,63.5%,2018.csv,2018
69,Along With the Gods: The Last 49 Days,$97962238,$1200246,1.2%,$96761992,98.8%,2018.csv,2018
70,A Simple Favor,$97644617,$53548586,54.8%,$44096031,45.2%,2018.csv,2018
71,Boonie Bears 5,$96820519,-,-,$96820519,100%,2018.csv,2018
72,The Favourite,$95918706,$34366783,35.8%,$61551923,64.2%,2018.csv,2018
73,Truth or Dare,$95330493,$41411015,43.4%,$53919478,56.6%,2018.csv,2018
74,Kill Mobile,$94870905,-,-,$94870905,100%,2018.csv,2018
75,I Feel Pretty,$94539426,$48795601,51.6%,$45743825,48.4%,2018.csv,2018
76,Blockers,$94017294,$60311495,64.1%,$33705799,35.9%,2018.csv,2018
77,BlacKkKlansman,$93400823,$49275340,52.8%,$44125483,47.2%,2018.csv,2018
78,Goosebumps 2: Haunted Halloween,$93320380,$46700633,50%,$46619747,50%,2018.csv,2018
79,Shadow,$91708374,$521396,0.6%,$91186978,99.4%,2018.csv,2018
80,Overboard,$91244913,$50316123,55.1%,$40928790,44.9%,2018.csv,2018
81,Sherlock Gnomes,$90497778,$43242871,47.8%,$47254907,52.2%,2018.csv,2018
82,Detective Dee: The Four Heavenly Kings,$90040771,$262963,0.3%,$89777808,99.7%,2018.csv,2018
83,Hello Mrs. Money,$86874070,-,-,$86874070,100%,2018.csv,2018
84,Robin Hood,$86489031,$30824628,35.6%,$55664403,64.4%,2018.csv,2018
85,I Can Only Imagine,$86086881,$83482352,97%,$2604529,3%,2018.csv,2018
86,Hidden Man,$85170581,-,-,$85170581,100%,2018.csv,2018
87,Mortal Engines,$83672673,$15951040,19.1%,$67721633,80.9%,2018.csv,2018
88,Partment: The Movie,$81096321,-,-,$81096321,100%,2018.csv,2018
89,Doraemon the Movie: Nobita's Treasure Island,$80920916,-,-,$80920916,100%,2018.csv,2018
90,Den of Thieves,$80509622,$44947622,55.8%,$35562000,44.2%,2018.csv,2018
91,Hereditary,$80200936,$44069456,54.9%,$36131480,45.1%,2018.csv,2018
92,Code Blue the Movie,$78778562,-,-,$78778562,100%,2018.csv,2018
93,Tag,$78130625,$54730625,70.1%,$23400000,29.9%,2018.csv,2018
94,Sanju,$76693052,$7909317,10.3%,$68783735,89.7%,2018.csv,2018
95,Vice,$76073488,$47836282,62.9%,$28237206,37.1%,2018.csv,2018
96,Widows,$75984700,$42402632,55.8%,$33582068,44.2%,2018.csv,2018
97,Sicario: Day of the Soldado,$75837743,$50072235,66%,$25765508,34%,2018.csv,2018
98,Searching,$75462037,$26020957,34.5%,$49441080,65.5%,2018.csv,2018
99,The Spy Who Dumped Me,$75320680,$33562069,44.6%,$41758611,55.4%,2018.csv,2018
100,Animal World,$74922830,-,-,$74922830,100%,2018.csv,2018
101,Amazing China,$72506343,-,-,$72506343,100%,2018.csv,2018
102,Second Act,$72282227,$39282227,54.3%,$33000000,45.7%,2018.csv,2018
103,Spirited Away 2018 Re-release,$70186029,$1175067,1.7%,$69010962,98.3%,2018.csv,2018
104,Shoplifters,$67999335,$3313513,4.9%,$64685822,95.1%,2018.csv,2018
105,12 Strong,$67450815,$45819713,67.9%,$21631102,32.1%,2018.csv,2018
106,Love Simon,$66316289,$40826341,61.6%,$25489948,38.4%,2018.csv,2018
107,Mile 22,$66308758,$36108758,54.5%,$30200000,45.5%,2018.csv,2018
108,Life of the Party,$65859911,$53059911,80.6%,$12800000,19.4%,2018.csv,2018
109,L Storm,$64517456,-,-,$64517456,100%,2018.csv,2018
110,Capernaum,$64417003,$1661096,2.6%,$62755907,97.4%,2018.csv,2018
111,Isle of Dogs,$64241499,$32015231,49.8%,$32226268,50.2%,2018.csv,2018
112,Andhadhun,$62475342,$1193046,1.9%,$61282296,98.1%,2018.csv,2018
113,Adrift,$59945012,$31445012,52.5%,$28500000,47.5%,2018.csv,2018
114,The 15:17 to Paris,$57076286,$36276286,63.6%,$20800000,36.4%,2018.csv,2018
115,A or B,$56239049,-,-,$56239049,100%,2018.csv,2018
116,Go Brother!,$54663060,-,-,$54663060,100%,2018.csv,2018
117,Early Man,$54622814,$8267544,15.1%,$46355270,84.9%,2018.csv,2018
118,Peppermint,$53918723,$35418723,65.7%,$18500000,34.3%,2018.csv,2018
119,Teen Titans GO! To the Movies,$52090236,$29790236,57.2%,$22300000,42.8%,2018.csv,2018
120,Slender Man,$51738549,$30569484,59.1%,$21169065,40.9%,2018.csv,2018
121,Breaking In,$51411620,$46840590,91.1%,$4571030,8.9%,2018.csv,2018
122,Cry Me a Sad River,$51400614,-,-,$51400614,100%,2018.csv,2018
123,Simmba,$51329025,$5102129,9.9%,$46226896,90.1%,2018.csv,2018
124,Once Upon a Deadpool 2018 Re-release,$51247568,$6100309,11.9%,$45147259,88.1%,2018.csv,2018
125,Family is Family,$49954866,-,-,$49954866,100%,2018.csv,2018
126,Death Wish,$49562710,$34017028,68.6%,$15545682,31.4%,2018.csv,2018
127,The Magic Tuche,$47427990,-,-,$47427990,100%,2018.csv,2018
128,Golden Job,$47287851,$285795,0.6%,$47002056,99.4%,2018.csv,2018
129,Mary Queen of Scots,$46712809,$16468499,35.3%,$30244310,64.7%,2018.csv,2018
130,Uncle Drew,$46664414,$42469946,91%,$4194468,9%,2018.csv,2018
131,Acrimony,$46403669,$43549096,93.8%,$2854573,6.2%,2018.csv,2018
132,Asterix: The Secret of the Magic Potion,$46221204,$1271953,2.8%,$44949251,97.2%,2018.csv,2018
133,Bajrangi Bhaijaan 2018 Re-release,$45579004,-,-,$45579004,100%,2018.csv,2018
134,Winchester,$44019588,$25091816,57%,$18927772,43%,2018.csv,2018
135,Annihilation,$43070915,$32732301,76%,$10338614,24%,2018.csv,2018
136,The Possession of Hannah Grace,$43016528,$14837422,34.5%,$28179106,65.5%,2018.csv,2018
137,Long Day's Journey Into Night,$42140994,$521365,1.2%,$41619629,98.8%,2018.csv,2018
138,Overlord,$41657844,$21704844,52.1%,$19953000,47.9%,2018.csv,2018
139,The Great Battle,$41509280,$472166,1.1%,$41037114,98.9%,2018.csv,2018
140,The Darkest Minds,$41142379,$12695691,30.9%,$28446688,69.1%,2018.csv,2018
141,Lost Found,$41043552,-,-,$41043552,100%,2018.csv,2018
142,Holmes & Watson,$40466970,$30573626,75.6%,$9893344,24.4%,2018.csv,2018
143,Intimate Strangers,$39576060,-,-,$39576060,100%,2018.csv,2018
144,Thugs of Hindostan,$39570044,$1449848,3.7%,$38120196,96.3%,2018.csv,2018
145,Sink or Swim,$39193850,-,-,$39193850,100%,2018.csv,2018
146,Show Dogs,$39156854,$17857020,45.6%,$21299834,54.4%,2018.csv,2018
147,Believer,$39047153,$365639,0.9%,$38681514,99.1%,2018.csv,2018
148,The Spy Gone North,$38844509,$500803,1.3%,$38343706,98.7%,2018.csv,2018
149,On the Basis of Sex,$38673750,$24622687,63.7%,$14051063,36.3%,2018.csv,2018
150,Taxi 5,$38598227,-,-,$38598227,100%,2018.csv,2018
151,Fat Buddies,$37496410,-,-,$37496410,100%,2018.csv,2018
152,Till The End Of The World,$37013733,$118660,0.3%,$36895073,99.7%,2018.csv,2018
153,2.0,$36945969,$4152000,11.2%,$32793969,88.8%,2018.csv,2018
154,Nothing to Lose,$36075317,$1016188,2.8%,$35059129,97.2%,2018.csv,2018
155,T-34,$35950901,-,-,$35950901,100%,2018.csv,2018
156,Mia and the White Lion,$35487190,$399471,1.1%,$35087719,98.9%,2018.csv,2018
157,The Girl in the Spider's Web,$35164920,$14841338,42.2%,$20323582,57.8%,2018.csv,2018
158,The Hate U Give,$34934009,$29719483,85.1%,$5214526,14.9%,2018.csv,2018
159,Nobody's Fool,$33705333,$31713110,94.1%,$1992223,5.9%,2018.csv,2018
160,Baaghi 2,$33139063,$1319579,4%,$31819484,96%,2018.csv,2018
161,The Hurricane Heist,$32517248,$6115825,18.8%,$26401423,81.2%,2018.csv,2018
162,All About Me,$31920159,-,-,$31920159,100%,2018.csv,2018
163,Bad Times at the El Royale,$31882724,$17839115,56%,$14043609,44%,2018.csv,2018
164,Hunter Killer,$31672678,$15767460,49.8%,$15905218,50.2%,2018.csv,2018
165,Super Troopers 2,$31626386,$30617396,96.8%,$1008990,3.2%,2018.csv,2018
166,The Strangers: Prey at Night,$31039126,$24586708,79.2%,$6452418,20.8%,2018.csv,2018
167,Gintama 2: Rules are Made to be Broken,$30896653,-,-,$30896653,100%,2018.csv,2018
168,The Way of the Bug,$30355804,-,-,$30355804,100%,2018.csv,2018
169,Clergy,$30114115,-,-,$30114115,100%,2018.csv,2018
170,Ice,$29806210,-,-,$29806210,100%,2018.csv,2018
171,Free Solo,$29318861,$17541090,59.8%,$11777771,40.2%,2018.csv,2018
172,Dark Figure of Crime,$29176133,-,-,$29176133,100%,2018.csv,2018
173,Pad Man,$29045020,$1670192,5.8%,$27374828,94.2%,2018.csv,2018
174,Mirai,$28756961,$812794,2.8%,$27944167,97.2%,2018.csv,2018
175,Default,$27694043,$203775,0.7%,$27490268,99.3%,2018.csv,2018
176,One Cut of the Dead,$27590180,$52406,0.2%,$27537774,99.8%,2018.csv,2018
177,The Happytime Murders,$27506452,$20706452,75.3%,$6800000,24.7%,2018.csv,2018
178,Midnight Sun,$27365467,$9561064,34.9%,$17804403,65.1%,2018.csv,2018
179,VIP Policeman,$27222681,-,-,$27222681,100%,2018.csv,2018
180,My Neighbor Totoro 2018 Re-release,$27083857,$1144649,4.2%,$25939208,95.8%,2018.csv,2018
181,The Faces of My Gene,$26796279,-,-,$26796279,100%,2018.csv,2018
182,Badhaai Ho,$26125610,-,-,$26125610,100%,2018.csv,2018
183,Hichki,$26055222,$330279,1.3%,$25724943,98.7%,2018.csv,2018
184,White Boy Rick,$25957482,$24011188,92.5%,$1946294,7.5%,2018.csv,2018
185,Paul Apostle of Christ,$25915966,$17560475,67.8%,$8355491,32.2%,2018.csv,2018
186,Champions,$25690816,-,-,$25690816,100%,2018.csv,2018
187,Keys To The Heart,$25375866,$75134,0.3%,$25300732,99.7%,2018.csv,2018
188,Stan & Ollie,$24420923,$5470235,22.4%,$18950688,77.6%,2018.csv,2018
189,The Witch: Part 1 - The Subversion,$24340302,-,-,$24340302,100%,2018.csv,2018
190,The Accidental Detective 2: In Action,$24243825,$179045,0.7%,$24064780,99.3%,2018.csv,2018
191,Killing for the Prosecution,$23929620,-,-,$23929620,100%,2018.csv,2018
192,Pokémon the Movie: The Power of Us,$23740788,$789170,3.3%,$22951618,96.7%,2018.csv,2018
193,The Guernsey Literary and Potato Peel Pie Society,$23148937,-,-,$23148937,100%,2018.csv,2018
194,The Crimes That Bind,$23144130,-,-,$23144130,100%,2018.csv,2018
195,New Happy Dad and Son 3: Adventure in Russia,$23130469,-,-,$23130469,100%,2018.csv,2018
196,Padmaavat,$22991060,$11846060,51.5%,$11145000,48.5%,2018.csv,2018
197,Won't You Be My Neighbor?,$22844741,$22835787,100%,$8954,<0.1%,2018.csv,2018
198,Europe Raiders,$22435156,-,-,$22435156,100%,2018.csv,2018
199,Mojin: The Worm Valley,$22381583,$101516,0.5%,$22280067,99.5%,2018.csv,2018
200,Stree,$22075730,-,-,$22075730,100%,2018.csv,2018
1,Avengers: Endgame,$2797501328,$858373000,30.7%,$1939128328,69.3%,2019.csv,2019
2,The Lion King,$1656943394,$543638043,32.8%,$1113305351,67.2%,2019.csv,2019
3,Frozen II,$1450026933,$477373578,32.9%,$972653355,67.1%,2019.csv,2019
4,Spider-Man: Far from Home,$1131927996,$390532085,34.5%,$741395911,65.5%,2019.csv,2019
5,Captain Marvel,$1128274794,$426829839,37.8%,$701444955,62.2%,2019.csv,2019
6,Joker,$1074251311,$335451311,31.2%,$738800000,68.8%,2019.csv,2019
7,Star Wars: Episode IX - The Rise of Skywalker,$1074144248,$515202542,48%,$558941706,52%,2019.csv,2019
8,Toy Story 4,$1073394593,$434038008,40.4%,$639356585,59.6%,2019.csv,2019
9,Aladdin,$1050693953,$355559216,33.8%,$695134737,66.2%,2019.csv,2019
10,Jumanji: The Next Level,$800059707,$320314960,40%,$479744747,60%,2019.csv,2019
11,Fast & Furious Presents: Hobbs & Shaw,$759056935,$173956935,22.9%,$585100000,77.1%,2019.csv,2019
12,Ne Zha,$726063471,$3695533,0.5%,$722367938,99.5%,2019.csv,2019
13,The Wandering Earth,$699856699,$5971413,0.9%,$693885286,99.1%,2019.csv,2019
14,How to Train Your Dragon: The Hidden World,$521799505,$160799505,30.8%,$361000000,69.2%,2019.csv,2019
15,Maleficent: Mistress of Evil,$491730089,$113929605,23.2%,$377800484,76.8%,2019.csv,2019
16,It Chapter Two,$473093228,$211593228,44.7%,$261500000,55.3%,2019.csv,2019
17,My People My Country,$450064993,$2356683,0.5%,$447708310,99.5%,2019.csv,2019
18,Pokémon Detective Pikachu,$433005346,$144105346,33.3%,$288900000,66.7%,2019.csv,2019
19,The Secret Life of Pets 2,$430051293,$158874395,36.9%,$271176898,63.1%,2019.csv,2019
20,The Captain,$417282021,$706572,0.2%,$416575449,99.8%,2019.csv,2019
21,Alita: Battle Angel,$404980543,$85838210,21.2%,$319142333,78.8%,2019.csv,2019
22,Godzilla: King of the Monsters,$386600138,$110500138,28.6%,$276100000,71.4%,2019.csv,2019
23,1917,$384623579,$159227644,41.4%,$225395935,58.6%,2019.csv,2019
24,Once Upon a Time... In Hollywood,$374375059,$142502728,38.1%,$231872331,61.9%,2019.csv,2019
25,Shazam!,$365971656,$140371656,38.4%,$225600000,61.6%,2019.csv,2019
26,Dumbo,$353284621,$114766307,32.5%,$238518314,67.5%,2019.csv,2019
27,Crazy Alien,$327598891,-,-,$327598891,100%,2019.csv,2019
28,John Wick: Chapter 3 - Parabellum,$326709727,$171015687,52.3%,$155694040,47.7%,2019.csv,2019
29,Knives Out,$311539397,$165363234,53.1%,$146176163,46.9%,2019.csv,2019
30,Terminator: Dark Fate,$261119292,$62253077,23.8%,$198866215,76.2%,2019.csv,2019
31,Parasite,$258774734,$53369749,20.6%,$205404985,79.4%,2019.csv,2019
32,Pegasus,$255863112,-,-,$255863112,100%,2019.csv,2019
33,Us,$255184580,$175084580,68.6%,$80100000,31.4%,2019.csv,2019
34,Men in Black: International,$253890701,$80001807,31.5%,$173888894,68.5%,2019.csv,2019
35,X-Men: Dark Phoenix,$252442974,$65845974,26.1%,$186597000,73.9%,2019.csv,2019
36,Glass,$246999039,$111048468,45%,$135950571,55%,2019.csv,2019
37,The Bravest,$245179562,$290217,0.1%,$244889345,99.9%,2019.csv,2019
38,Annabelle Comes Home,$231252591,$74152591,32.1%,$157100000,67.9%,2019.csv,2019
39,Better Days,$225918798,$1921657,0.9%,$223997141,99.1%,2019.csv,2019
40,Ford v Ferrari,$225508210,$117624357,52.2%,$107883853,47.8%,2019.csv,2019
41,Little Women,$216601214,$108101214,49.9%,$108500000,50.1%,2019.csv,2019
42,The Addams Family,$203044905,$100044905,49.3%,$103000000,50.7%,2019.csv,2019
43,Rocketman,$195179299,$96368160,49.4%,$98811139,50.6%,2019.csv,2019
44,Downton Abbey,$193820755,$96854135,50%,$96966620,50%,2019.csv,2019
45,Weathering with You,$193485685,$7798743,4%,$185686942,96%,2019.csv,2019
46,The Lego Movie 2: The Second Part,$192306508,$105806508,55%,$86500000,45%,2019.csv,2019
47,Sheep Without a Shepherd,$191602146,-,-,$191602146,100%,2019.csv,2019
48,The White Storm 2: Drug Lords,$189396380,$609461,0.3%,$188786919,99.7%,2019.csv,2019
49,Abominable,$179053956,$60716390,33.9%,$118337566,66.1%,2019.csv,2019
50,Ip Man 4: The Finale,$176345966,$3956031,2.2%,$172389935,97.8%,2019.csv,2019
51,Gemini Man,$173469516,$48546770,28%,$124922746,72%,2019.csv,2019
52,Spies in Disguise,$171616764,$66757013,38.9%,$104859751,61.1%,2019.csv,2019
53,Hustlers,$157563598,$104963598,66.6%,$52600000,33.4%,2019.csv,2019
54,The Climbers,$156892866,$487157,0.3%,$156405709,99.7%,2019.csv,2019
55,Escape Room,$155712077,$57005601,36.6%,$98706476,63.4%,2019.csv,2019
56,Yesterday,$153178480,$73286650,47.8%,$79891830,52.2%,2019.csv,2019
57,The Angry Birds Movie 2,$147792047,$41667116,28.2%,$106124931,71.8%,2019.csv,2019
58,Angel Has Fallen,$146661977,$69030436,47.1%,$77631541,52.9%,2019.csv,2019
59,Ad Astra,$127461872,$50188370,39.4%,$77273502,60.6%,2019.csv,2019
60,Midway,$127420861,$56846802,44.6%,$70574059,55.4%,2019.csv,2019
61,The Upside,$125852517,$108252517,86%,$17600000,14%,2019.csv,2019
62,The Curse of la Llorona,$123133739,$54733739,44.5%,$68400000,55.5%,2019.csv,2019
63,Looking Up,$122994583,$84267,<0.1%,$122910316,99.9%,2019.csv,2019
64,Zombieland: Double Tap,$122810399,$73123082,59.5%,$49687317,40.5%,2019.csv,2019
65,Last Christmas,$121550750,$35150750,28.9%,$86400000,71.1%,2019.csv,2019
66,Extreme Job,$119932733,$1565885,1.3%,$118366848,98.7%,2019.csv,2019
67,Dora and the Lost City of Gold,$119682635,$60477943,50.5%,$59204692,49.5%,2019.csv,2019
68,Wonder Park,$119559110,$45216793,37.8%,$74342317,62.2%,2019.csv,2019
69,P Storm,$117991727,$326711,0.3%,$117665016,99.7%,2019.csv,2019
70,Detective Conan: The Fist of Blue Sapphire,$115570314,-,-,$115570314,100%,2019.csv,2019
71,The Gentlemen,$115171795,$36471795,31.7%,$78700000,68.3%,2019.csv,2019
72,Pet Sematary,$113118226,$54724696,48.4%,$58393530,51.6%,2019.csv,2019
73,Boonie Bears: Blast Into the Past,$112369259,-,-,$112369259,100%,2019.csv,2019
74,Good Boys,$111037232,$83140306,74.9%,$27896926,25.1%,2019.csv,2019
75,Scary Stories to Tell in the Dark,$104545505,$68947075,65.9%,$35598430,34.1%,2019.csv,2019
76,Line Walker 2: Invisible Spy,$99482027,$296751,0.3%,$99185276,99.7%,2019.csv,2019
77,The New King of Comedy,$95618308,-,-,$95618308,100%,2019.csv,2019
78,The Hustle,$95017038,$35417038,37.3%,$59600000,62.7%,2019.csv,2019
79,Adoring,$94975692,-,-,$94975692,100%,2019.csv,2019
80,Crawl,$91542097,$39014193,42.6%,$52527904,57.4%,2019.csv,2019
81,Five Feet Apart,$91522094,$45729221,50%,$45792873,50%,2019.csv,2019
82,Rambo: Last Blood,$91490353,$44819352,49%,$46671001,51%,2019.csv,2019
83,Jojo Rabbit,$90335025,$33370906,36.9%,$56964119,63.1%,2019.csv,2019
84,One Piece: Stampede,$81562741,$1298528,1.6%,$80264213,98.4%,2019.csv,2019
85,A Dog's Way Home,$80708134,$42004346,52%,$38703788,48%,2019.csv,2019
86,Cold Pursuit,$76419755,$32138862,42.1%,$44280893,57.9%,2019.csv,2019
87,A Dog's Journey,$75741734,$22782371,30.1%,$52959363,69.9%,2019.csv,2019
88,A Madea Family Funeral,$74747725,$73257045,98%,$1490680,2%,2019.csv,2019
89,Cats,$73833459,$27166770,36.8%,$46666689,63.2%,2019.csv,2019
90,Charlie's Angels,$73279888,$17803077,24.3%,$55476811,75.7%,2019.csv,2019
91,Doctor Sleep,$72381712,$31581712,43.6%,$40800000,56.4%,2019.csv,2019
92,Serial (Bad) Weddings 2,$72300780,-,-,$72300780,100%,2019.csv,2019
93,What Men Want,$72216294,$54611903,75.6%,$17604391,24.4%,2019.csv,2019
94,After,$69756455,$12138565,17.4%,$57617890,82.6%,2019.csv,2019
95,Exit,$69501772,$470699,0.7%,$69031073,99.3%,2019.csv,2019
96,Playing with Fire,$69412425,$44451847,64%,$24960578,36%,2019.csv,2019
97,A Beautiful Day in the Neighborhood,$67760877,$61704055,91.1%,$6056822,8.9%,2019.csv,2019
98,War,$67179155,$4654000,6.9%,$62525155,93.1%,2019.csv,2019
99,Eiga Doraemon: Nobita no getsumen tansaki,$65406606,-,-,$65406606,100%,2019.csv,2019
100,Happy Death Day 2U,$64600152,$28148130,43.6%,$36452022,56.4%,2019.csv,2019
101,White Snake,$61631776,$34730,<0.1%,$61597046,99.9%,2019.csv,2019
102,Bombshell,$61404394,$31762808,51.7%,$29641586,48.3%,2019.csv,2019
103,Ashfall,$61354854,$372562,0.6%,$60982292,99.4%,2019.csv,2019
104,Ma,$61105672,$45896028,75.1%,$15209644,24.9%,2019.csv,2019
105,My Best Summer,$60011073,-,-,$60011073,100%,2019.csv,2019
106,Ready or Not,$57615777,$28714231,49.8%,$28901546,50.2%,2019.csv,2019
107,Jade Dynasty,$57149764,-,-,$57149764,100%,2019.csv,2019
108,Das perfekte Geheimnis,$56573047,-,-,$56573047,100%,2019.csv,2019
109,The Big Shot,$56040681,-,-,$56040681,100%,2019.csv,2019
110,Hellboy,$55064690,$21903748,39.8%,$33160942,60.2%,2019.csv,2019
111,Long Shot,$53873809,$30316271,56.3%,$23557538,43.7%,2019.csv,2019
112,Kingdom,$50574061,-,-,$50574061,100%,2019.csv,2019
113,Breakthrough,$50444358,$40713082,80.7%,$9731276,19.3%,2019.csv,2019
114,Just Mercy,$50401502,$36001502,71.4%,$14400000,28.6%,2019.csv,2019
115,Uncut Gems,$50023780,$50023780,100%,-,-,2019.csv,2019
116,21 Bridges,$49939757,$28539757,57.1%,$21400000,42.9%,2019.csv,2019
117,Song of Youth,$49615508,-,-,$49615508,100%,2019.csv,2019
118,The Grudge,$49511319,$21221803,42.9%,$28289516,57.1%,2019.csv,2019
119,Little,$48987096,$40860481,83.4%,$8126615,16.6%,2019.csv,2019
120,Isn't It Romantic,$48791187,$48791187,100%,-,-,2019.csv,2019
121,The Legend of Hei,$48507082,-,-,$48507082,100%,2019.csv,2019
122,Countdown,$48021766,$25621766,53.4%,$22400000,46.6%,2019.csv,2019
123,Midsommar,$47863365,$27426361,57.3%,$20437004,42.7%,2019.csv,2019
124,Queen & Slim,$47856414,$43808310,91.5%,$4048104,8.5%,2019.csv,2019
125,47 Meters Down: Uncaged,$47582563,$22260900,46.8%,$25321663,53.2%,2019.csv,2019
126,Chasing the Dragon II: Wild Wild Bunch,$45733356,$196634,0.4%,$45536722,99.6%,2019.csv,2019
127,Judy,$45701880,$24313888,53.2%,$21387992,46.8%,2019.csv,2019
128,Child's Play,$44907074,$29208403,65%,$15698671,35%,2019.csv,2019
129,Son of a Rich,$43833888,-,-,$43833888,100%,2019.csv,2019
130,Richard Jewell,$43745542,$22345542,51.1%,$21400000,48.9%,2019.csv,2019
131,Harriet,$43347017,$43082155,99.4%,$264862,0.6%,2019.csv,2019
132,A Shaun the Sheep Movie: Farmageddon,$43100248,-,-,$43100248,100%,2019.csv,2019
133,Fighting with My Family,$40811919,$22958886,56.3%,$17853033,43.7%,2019.csv,2019
134,Masquerade Hotel,$40396244,-,-,$40396244,100%,2019.csv,2019
135,The Last Wish,$39756292,-,-,$39756292,100%,2019.csv,2019
136,Uri: The Surgical Strike,$39346577,$4186168,10.6%,$35160409,89.4%,2019.csv,2019
137,Overcomer,$38026103,$34746945,91.4%,$3279158,8.6%,2019.csv,2019
138,Pain and Glory,$37359689,$4567338,12.2%,$32792351,87.8%,2019.csv,2019
139,A Witness Out of the Blue,$37092694,-,-,$37092694,100%,2019.csv,2019
140,The Intruder,$36599361,$35419122,96.8%,$1180239,3.2%,2019.csv,2019
141,The Queen's Corgi,$35515687,-,-,$35515687,100%,2019.csv,2019
142,Warrior of the Hornor,$34291831,-,-,$34291831,100%,2019.csv,2019
143,The Battle: Roar to Victory,$34148707,-,-,$34148707,100%,2019.csv,2019
144,The Bad Guys: The Movie,$34024386,$166972,0.5%,$33857414,99.5%,2019.csv,2019
145,The Good Liar,$33856058,$17156058,50.7%,$16700000,49.3%,2019.csv,2019
146,The Art of Racing in the Rain,$33766787,$26395642,78.2%,$7371145,21.8%,2019.csv,2019
147,Bharat,$33185983,$2971549,9%,$30214434,91%,2019.csv,2019
148,Brightburn,$32893421,$17300439,52.6%,$15592982,47.4%,2019.csv,2019
149,Fly Me to the Saitama,$32802347,-,-,$32802347,100%,2019.csv,2019
150,UglyDolls,$32450241,$20150241,62.1%,$12300000,37.9%,2019.csv,2019
151,Stuber,$32390945,$22370452,69.1%,$10020493,30.9%,2019.csv,2019
152,Hit Me Anyone One More Time!,$32333512,-,-,$32333512,100%,2019.csv,2019
153,Somewhere Winter,$32218990,-,-,$32218990,100%,2019.csv,2019
154,The Kid Who Would Be King,$32140970,$16790790,52.2%,$15350180,47.8%,2019.csv,2019
155,Two Tigers,$32001580,-,-,$32001580,100%,2019.csv,2019
156,Anna,$31626978,$7743794,24.5%,$23883184,75.5%,2019.csv,2019
157,My Dear Liar,$31177968,$90545,0.3%,$31087423,99.7%,2019.csv,2019
158,The Wild Goose Lake,$31042413,$12573,<0.1%,$31029840,100%,2019.csv,2019
159,My Hero Academia: Heroes Rising,$29982484,$13304000,44.4%,$16678484,55.6%,2019.csv,2019
160,Fall In Love At First Kiss,$29206238,-,-,$29206238,100%,2019.csv,2019
161,Gully Boy,$28141995,$5566534,19.8%,$22575461,80.2%,2019.csv,2019
162,Kim Ji-young: Born 1982,$27696393,-,-,$27696393,100%,2019.csv,2019
163,Pokémon: Mewtwo Strikes Back - Evolution,$27347118,-,-,$27347118,100%,2019.csv,2019
164,Almost a Comedy,$26990962,-,-,$26990962,100%,2019.csv,2019
165,Total Dhamaal,$26911995,$2167632,8.1%,$24744363,91.9%,2019.csv,2019
166,Missing Link,$26565710,$16649539,62.7%,$9916171,37.3%,2019.csv,2019
167,No Manches Frida 2,$26493648,$9270920,35%,$17222728,65%,2019.csv,2019
168,The Confidence Man JP,$26228317,-,-,$26228317,100%,2019.csv,2019
169,The Confidence Man JP: The Movie,$25958189,-,-,$25958189,100%,2019.csv,2019
170,The Gangster the Cop the Devil,$25775371,$216494,0.8%,$25558877,99.2%,2019.csv,2019
171,Bodies at Rest,$25293853,-,-,$25293853,100%,2019.csv,2019
172,Booksmart,$24959607,$22680962,90.9%,$2278645,9.1%,2019.csv,2019
173,Super 30,$24701637,$2269878,9.2%,$22431759,90.8%,2019.csv,2019
174,Skyfire,$24375211,$1105,<0.1%,$24374106,100%,2019.csv,2019
175,Start-Up,$24106579,-,-,$24106579,100%,2019.csv,2019
176,Pinocchio,$23883934,$1831718,7.7%,$22052216,92.3%,2019.csv,2019
177,The Peanut Butter Falcon,$23743627,$20457151,86.2%,$3286476,13.8%,2019.csv,2019
178,Nous finirons ensemble,$23613535,-,-,$23613535,100%,2019.csv,2019
179,Ossan's Love: Love or Dead,$23422744,-,-,$23422744,100%,2019.csv,2019
180,Only Cloud Knows,$23410836,-,-,$23410836,100%,2019.csv,2019
181,Dark Waters,$23108017,$11136084,48.2%,$11971933,51.8%,2019.csv,2019
182,The Farewell,$23076657,$17695781,76.7%,$5380876,23.3%,2019.csv,2019
183,The Knight of Shadows: Between Yin and Yang,$22774256,-,-,$22774256,100%,2019.csv,2019
184,Black and Blue,$22741061,$22055313,97%,$685748,3%,2019.csv,2019
185,Late Night,$22386555,$15499454,69.2%,$6887101,30.8%,2019.csv,2019
186,A Rainy Day in New York,$22002504,-,-,$22002504,100%,2019.csv,2019
187,Crazy Romance,$21386368,-,-,$21386368,100%,2019.csv,2019
188,Shaft,$21360215,$21360215,100%,-,-,2019.csv,2019
189,Unplanned,$21349929,$19005109,89%,$2344820,11%,2019.csv,2019
190,Hotel Mumbai,$21314816,$9651611,45.3%,$11663205,54.7%,2019.csv,2019
191,Integrity,$21290004,-,-,$21290004,100%,2019.csv,2019
192,The Secret Mission,$21083522,-,-,$21083522,100%,2019.csv,2019
193,This Is Tomas,$20084169,-,-,$20084169,100%,2019.csv,2019
194,The Specials,$19363826,-,-,$19363826,100%,2019.csv,2019
195,Always Miss You,$19015465,$91884,0.5%,$18923581,99.5%,2019.csv,2019
196,An Officer and a Spy,$18878658,-,-,$18878658,100%,2019.csv,2019
197,Crayon Shin-chan: Honeymoon Hurricane - The Lost Hiroshi,$18738951,-,-,$18738951,100%,2019.csv,2019
198,Greta,$18653107,$10532219,56.5%,$8120888,43.5%,2019.csv,2019
199,Peppa Celebrates Chinese New Year,$18653040,$131225,0.7%,$18521815,99.3%,2019.csv,2019
200,Black Christmas,$18529730,$10429730,56.3%,$8100000,43.7%,2019.csv,2019
1,The Eight Hundred,$461406887,$372755,<0.1%,$461034132,99.9%,2020.csv,2020
2,Demon Slayer: Mugen Train,$455495361,$47700000,10.5%,$407795361,89.5%,2020.csv,2020
3,Bad Boys for Life,$426505244,$206305244,48.4%,$220200000,51.6%,2020.csv,2020
4,My People My Homeland,$422390820,-,-,$422390820,100%,2020.csv,2020
5,Tenet,$363656624,$58456624,16.1%,$305200000,83.9%,2020.csv,2020
6,Sonic the Hedgehog,$319715683,$148974665,46.6%,$170741018,53.4%,2020.csv,2020
7,Dolittle,$245487753,$77047065,31.4%,$168440688,68.6%,2020.csv,2020
8,Legend of Deification,$240663149,$214670,<0.1%,$240448479,99.9%,2020.csv,2020
9,A Little Red Flower,$216000000,-,-,$216000000,100%,2020.csv,2020
10,Birds of Prey,$201858461,$84158461,41.7%,$117700000,58.3%,2020.csv,2020
11,Shock Wave 2,$198914468,-,-,$198914468,100%,2020.csv,2020
12,The Croods: A New Age,$174489000,$58569000,33.6%,$115920000,66.4%,2020.csv,2020
13,Wonder Woman 1984,$166534027,$46534027,27.9%,$120000000,72.1%,2020.csv,2020
14,The Sacrifice,$161047608,-,-,$161047608,100%,2020.csv,2020
15,The Invisible Man,$143151000,$70410000,49.2%,$72741000,50.8%,2020.csv,2020
16,Onward,$141950121,$61555145,43.4%,$80394976,56.6%,2020.csv,2020
17,Warm Hug,$129240236,-,-,$129240236,100%,2020.csv,2020
18,Soul,$119198268,-,-,$119198268,100%,2020.csv,2020
19,The Call of the Wild,$111105497,$62342368,56.1%,$48763129,43.9%,2020.csv,2020
20,Caught in Time,$80543319,-,-,$80543319,100%,2020.csv,2020
21,The Yin-Yang Master: Dream of Eternity,$68000000,-,-,$68000000,100%,2020.csv,2020
22,Mulan,$66800000,-,-,$66800000,100%,2020.csv,2020
23,Stand by Me Doraemon 2,$65066630,-,-,$65066630,100%,2020.csv,2020
24,The Rescue,$63426575,$18797,<0.1%,$63407778,100%,2020.csv,2020
25,Love You Forever,$60670799,-,-,$60670799,100%,2020.csv,2020
26,Greenland,$52300000,-,-,$52300000,100%,2020.csv,2020
27,Tolo Tolo,$52186426,-,-,$52186426,100%,2020.csv,2020
28,Vanguard,$50814965,$793525,1.6%,$50021440,98.4%,2020.csv,2020
29,Fantasy Island,$48811343,$27309289,55.9%,$21502054,44.1%,2020.csv,2020
30,After We Collided,$47990414,$2386483,5%,$45603931,95%,2020.csv,2020
31,From Today It's My Turn: The Movie,$47866854,-,-,$47866854,100%,2020.csv,2020
32,The New Mutants,$46996076,$23852659,50.8%,$23143417,49.2%,2020.csv,2020
33,Trolls World Tour,$46885895,-,-,$46885895,100%,2020.csv,2020
34,Tanhaji: The Unsung Warrior,$45221814,-,-,$45221814,100%,2020.csv,2020
35,Unhinged,$44331465,$20831465,47%,$23500000,53%,2020.csv,2020
36,The End of Endless Love,$43950000,-,-,$43950000,100%,2020.csv,2020
37,Train to Busan Presents: Peninsula,$42698327,$1231407,2.9%,$41466920,97.1%,2020.csv,2020
38,Monster Hunter,$41955901,$15162470,36.1%,$26793431,63.9%,2020.csv,2020
39,Underwater,$40882928,$17291078,42.3%,$23591850,57.7%,2020.csv,2020
40,The War with Grandpa,$40746845,$21277892,52.2%,$19468953,47.8%,2020.csv,2020
41,Sarileru Neekevvaru,$37389889,$821000,2.2%,$36568889,97.8%,2020.csv,2020
42,New Interpretation Records of the Three Kingdoms,$36747486,-,-,$36747486,100%,2020.csv,2020
43,The Confidence Man JP: Princess,$36109913,-,-,$36109913,100%,2020.csv,2020
44,The Man Standing Next,$34664900,$113527,0.3%,$34551373,99.7%,2020.csv,2020
45,My Mom is a Character 3,$34360029,-,-,$34360029,100%,2020.csv,2020
46,Deliver Us from Evil,$33718703,-,-,$33718703,100%,2020.csv,2020
47,Bloodshot,$33542457,$12561824,37.5%,$20980633,62.5%,2020.csv,2020
48,Doraemon the Movie: Nobita's New Dinosaur,$33479893,-,-,$33479893,100%,2020.csv,2020
49,Harry Potter and the Sorcerer's Stone 2020 Re-release,$31501815,-,-,$31501815,100%,2020.csv,2020
50,Honest Thief,$31139004,$14163574,45.5%,$16975430,54.5%,2020.csv,2020
51,Like a Boss,$30399490,$22169514,72.9%,$8229976,27.1%,2020.csv,2020
52,Bath Buddy,$28700000,-,-,$28700000,100%,2020.csv,2020
53,The Witches,$26958129,-,-,$26958129,100%,2020.csv,2020
54,Emma.,$26405753,$10055355,38.1%,$16350398,61.9%,2020.csv,2020
55,Leap,$25818882,$83074,0.3%,$25735808,99.7%,2020.csv,2020
56,Scoob!,$24900000,-,-,$24900000,100%,2020.csv,2020
57,Interstellar 2020 Re-release,$23771122,-,-,$23771122,100%,2020.csv,2020
58,Gretel & Hansel,$22051055,$15347654,69.6%,$6703401,30.4%,2020.csv,2020
59,Poupelle of Chimney Town,$21824592,-,-,$21824592,100%,2020.csv,2020
60,Stigmatized Properties,$21276720,-,-,$21276720,100%,2020.csv,2020
61,The Photograph,$20690779,$20578185,99.5%,$112594,0.5%,2020.csv,2020
62,Yarn,$20444185,-,-,$20444185,100%,2020.csv,2020
63,Brahms: The Boy II,$20311536,$12611536,62.1%,$7700000,37.9%,2020.csv,2020
64,Violet Evergarden: The Movie,$20263658,-,-,$20263658,100%,2020.csv,2020
65,Ice 2,$19788995,-,-,$19788995,100%,2020.csv,2020
66,Soul Snatcher,$19561221,-,-,$19561221,100%,2020.csv,2020
67,The Turning,$19429304,$15472775,79.6%,$3956529,20.4%,2020.csv,2020
68,Fate/Stay Night: Heaven's Feel - III. Spring Song,$19252497,$200000,1%,$19052497,99%,2020.csv,2020
69,How the Grinch Stole Christmas 2020 Re-release,$18455781,$420180,2.3%,$18035601,97.7%,2020.csv,2020
70,The Father,$18395424,$2122771,11.5%,$16272653,88.5%,2020.csv,2020
71,Takizawa Enbujo Zero,$18091395,-,-,$18091395,100%,2020.csv,2020
72,The Promised Neverland,$17698106,-,-,$17698106,100%,2020.csv,2020
73,Kaiji: Final Game,$17645779,-,-,$17645779,100%,2020.csv,2020
74,Hitman: Agent Jun,$17601351,-,-,$17601351,100%,2020.csv,2020
75,Digimon Adventure: Last Evolution Kizuna,$17068434,-,-,$17068434,100%,2020.csv,2020
76,Baaghi 3,$16726510,$721439,4.3%,$16005071,95.7%,2020.csv,2020
77,Promising Young Woman,$16322965,$6460965,39.6%,$9862000,60.4%,2020.csv,2020
78,Pokémon the Movie: Secrets of the Jungle,$16052056,-,-,$16052056,100%,2020.csv,2020
79,I Still Believe,$16021491,$9868521,61.6%,$6152970,38.4%,2020.csv,2020
80,Freaky,$15920855,$9030855,56.7%,$6890000,43.3%,2020.csv,2020
81,Bye Bye Morons,$15452122,-,-,$15452122,100%,2020.csv,2020
82,The Way Back,$14690514,$13590514,92.5%,$1100000,7.5%,2020.csv,2020
83,The Personal History of David Copperfield,$14323355,$1876298,13.1%,$12447057,86.9%,2020.csv,2020
84,Nightlife,$14292148,-,-,$14292148,100%,2020.csv,2020
85,Pawn,$14191042,-,-,$14191042,100%,2020.csv,2020
86,The Lion King 2020 Re-release,$13784186,-,-,$13784186,100%,2020.csv,2020
87,#Alive,$13432212,-,-,$13432212,100%,2020.csv,2020
88,Howling Village,$13394556,-,-,$13394556,100%,2020.csv,2020
89,Come Play,$13175457,$10475990,79.5%,$2699467,20.5%,2020.csv,2020
90,Samjin Company English Class,$12761386,-,-,$12761386,100%,2020.csv,2020
91,News of the World,$12668325,$12668325,100%,-,-,2020.csv,2020
92,Collectors,$12640113,-,-,$12640113,100%,2020.csv,2020
93,No Escapes,$12583300,-,-,$12583300,100%,2020.csv,2020
94,Ducobu 3,$12157793,-,-,$12157793,100%,2020.csv,2020
95,Legend No. 17,$11811335,-,-,$11811335,100%,2020.csv,2020
96,Wotakoi: Love Is Hard for Otaku,$11702371,-,-,$11702371,100%,2020.csv,2020
97,Padre no hay más que uno 2: La llegada de la suegra,$11700000,-,-,$11700000,100%,2020.csv,2020
98,Let Him Go,$11630934,$9358025,80.5%,$2272909,19.5%,2020.csv,2020
99,The Hunt,$11473631,$5812500,50.7%,$5661131,49.3%,2020.csv,2020
100,The Voice of Sin,$10983063,-,-,$10983063,100%,2020.csv,2020
101,Me contro Te - Il film: La vendetta del Signor S,$10779891,-,-,$10779891,100%,2020.csv,2020
102,Impractical Jokers: The Movie,$10691091,$10691091,100%,-,-,2020.csv,2020
103,Shinchan: Crash! Scribble Kingdom and Almost Four Heroes,$10628463,-,-,$10628463,100%,2020.csv,2020
104,One Second,$10600000,-,-,$10600000,100%,2020.csv,2020
105,Honest Candidate,$10597464,-,-,$10597464,100%,2020.csv,2020
106,Street Dancer 3D,$10339127,-,-,$10339127,100%,2020.csv,2020
107,My Spy,$10200000,-,-,$10200000,100%,2020.csv,2020
108,The Asadas,$10066797,-,-,$10066797,100%,2020.csv,2020
109,Stolen Identity 2,$9687188,-,-,$9687188,100%,2020.csv,2020
110,10 Days with Dad,$9472077,$2359,<0.1%,$9469718,100%,2020.csv,2020
111,365 Days,$9458590,-,-,$9458590,100%,2020.csv,2020
112,Secret Zoo,$9457317,-,-,$9457317,100%,2020.csv,2020
113,Okay Madam,$9433525,-,-,$9433525,100%,2020.csv,2020
114,A Quiet Place 2020 Re-release,$9381052,-,-,$9381052,100%,2020.csv,2020
115,Bohemian Rhapsody 2020 Re-release,$9360701,$240000,2.6%,$9120701,97.4%,2020.csv,2020
116,Bigfoot Family,$9353378,-,-,$9353378,100%,2020.csv,2020
117,L'appel de la forêt,$9317347,-,-,$9317347,100%,2020.csv,2020
118,Inception 10th Anniversary re-release,$9100000,-,-,$9100000,100%,2020.csv,2020
119,Break the Silence: The Movie,$8954345,-,-,$8954345,100%,2020.csv,2020
120,The Closet,$8948595,-,-,$8948595,100%,2020.csv,2020
121,I Hate Summer,$8926364,-,-,$8926364,100%,2020.csv,2020
122,30 jours max,$8916866,-,-,$8916866,100%,2020.csv,2020
123,Downhill,$8899195,$8287061,93.1%,$612134,6.9%,2020.csv,2020
124,Les blagues de Toto,$8859185,-,-,$8859185,100%,2020.csv,2020
125,The Secret Garden,$8842172,-,-,$8842172,100%,2020.csv,2020
126,Malasaña 32,$8683909,-,-,$8683909,100%,2020.csv,2020
127,Another Round,$8643452,-,-,$8643452,100%,2020.csv,2020
128,Eltilerin Savasi,$8613864,-,-,$8613864,100%,2020.csv,2020
129,Malang,$8399765,-,-,$8399765,100%,2020.csv,2020
130,100% Wolf,$8169164,$658764,8.1%,$7510400,91.9%,2020.csv,2020
131,Your Eyes Tell,$8020474,-,-,$8020474,100%,2020.csv,2020
132,AI Amok,$7932191,-,-,$7932191,100%,2020.csv,2020
133,The Lost Prince,$7837980,-,-,$7837980,100%,2020.csv,2020
134,The Marriage Escape,$7760946,-,-,$7760946,100%,2020.csv,2020
135,Spirited Away Studio Ghibli Fest 2020,$7732435,-,-,$7732435,100%,2020.csv,2020
136,Neposredstvenno Kakha,$7692780,-,-,$7692780,100%,2020.csv,2020
137,Princess Mononoke Studio Ghibli Fest 2020,$7673207,-,-,$7673207,100%,2020.csv,2020
138,The Heist of the Century,$7558890,-,-,$7558890,100%,2020.csv,2020
139,Fukushima 50,$7494243,-,-,$7494243,100%,2020.csv,2020
140,De Gaulle,$7473247,-,-,$7473247,100%,2020.csv,2020
141,Antoinette dans les Cévennes,$7441698,-,-,$7441698,100%,2020.csv,2020
142,The (UN)perfect Guy,$7154649,-,-,$7154649,100%,2020.csv,2020
143,Back to the Wharf,$7090000,-,-,$7090000,100%,2020.csv,2020
144,Adu,$7085946,-,-,$7085946,100%,2020.csv,2020
145,The Best Years,$7035246,-,-,$7035246,100%,2020.csv,2020
146,Fatale,$6993043,$6306897,90.2%,$686146,9.8%,2020.csv,2020
147,Spycies,$6979672,-,-,$6979672,100%,2020.csv,2020
148,Jim Button and the Wild 13,$6880898,-,-,$6880898,100%,2020.csv,2020
149,Antebellum,$6852361,-,-,$6852361,100%,2020.csv,2020
150,Psy 3: W imie zasad,$6725146,-,-,$6725146,100%,2020.csv,2020
151,Blood Moon Party,$6709383,-,-,$6709383,100%,2020.csv,2020
152,Innocence,$6659968,-,-,$6659968,100%,2020.csv,2020
153,Shubh Mangal Zyada Saavdhan,$6574905,-,-,$6574905,100%,2020.csv,2020
154,Silver Skates,$6574310,-,-,$6574310,100%,2020.csv,2020
155,Chhapaak,$6532100,$604334,9.3%,$5927766,90.7%,2020.csv,2020
156,Love Me Love Me Not,$6494241,-,-,$6494241,100%,2020.csv,2020
157,Dragon Rider,$6472379,-,-,$6472379,100%,2020.csv,2020
158,Hammamet,$6434874,-,-,$6434874,100%,2020.csv,2020
159,Lindenberg! Mach dein Ding,$6404964,-,-,$6404964,100%,2020.csv,2020
160,Midnight Swan,$6397065,-,-,$6397065,100%,2020.csv,2020
161,Nausicaä of the Valley of the Wind 2020 Re-release,$6395525,-,-,$6395525,100%,2020.csv,2020
162,Simply Black,$6323750,-,-,$6323750,100%,2020.csv,2020
163,My Boyfriend's Meds,$6292780,$2971116,47.2%,$3321664,52.8%,2020.csv,2020
164,Bill & Ted Face the Music,$6274027,$3439660,54.8%,$2834367,45.2%,2020.csv,2020
165,Hotel Belgrade,$6085659,-,-,$6085659,100%,2020.csv,2020
166,The Legacy Of Dr. Death: Black File,$6024046,-,-,$6024046,100%,2020.csv,2020
167,The Rhythm Section,$5989583,$5437971,90.8%,$551612,9.2%,2020.csv,2020
168,Jak zostalem gangsterem. Historia prawdziwa,$5975729,-,-,$5975729,100%,2020.csv,2020
169,How to Be a Good Wife,$5966014,-,-,$5966014,100%,2020.csv,2020
170,Twiceborn,$5880157,$11527,0.2%,$5868630,99.8%,2020.csv,2020
171,The Royal Bride,$5830719,-,-,$5830719,100%,2020.csv,2020
172,Beasts Clawing at Straws,$5796059,-,-,$5796059,100%,2020.csv,2020
173,Last Letter,$5663972,-,-,$5663972,100%,2020.csv,2020
174,Yowamushi Pedal: The Movie 2020 Re-release,$5624218,-,-,$5624218,100%,2020.csv,2020
175,Klassikokkutulek 2: Pulmad ja matused,$5543147,-,-,$5543147,100%,2020.csv,2020
176,Hocus Pocus 2020 Re-release,$5432992,$4828000,88.9%,$604992,11.1%,2020.csv,2020
177,Two by Two: Overboard!,$5360412,-,-,$5360412,100%,2020.csv,2020
178,Divorce Club,$5316313,-,-,$5316313,100%,2020.csv,2020
179,Cindy La Regia,$5222322,-,-,$5222322,100%,2020.csv,2020
180,Mama Weed,$5144345,-,-,$5144345,100%,2020.csv,2020
181,Love Aaj Kal,$5120794,-,-,$5120794,100%,2020.csv,2020
182,Masked Ward,$5106794,-,-,$5106794,100%,2020.csv,2020
183,Ayyappanum Koshiyum,$5088713,-,-,$5088713,100%,2020.csv,2020
184,Baba Parasi,$5084342,-,-,$5084342,100%,2020.csv,2020
185,Die Känguru-Chroniken,$5081127,-,-,$5081127,100%,2020.csv,2020
186,The Real Exorcist,$5035830,-,-,$5035830,100%,2020.csv,2020
187,Mayday,$5011408,-,-,$5011408,100%,2020.csv,2020
188,Bheeshma,$4997080,-,-,$4997080,100%,2020.csv,2020
189,Made in Abyss: Dawn of the Deep Soul,$4971635,-,-,$4971635,100%,2020.csv,2020
190,Godai - The Wunderkind,$4948225,-,-,$4948225,100%,2020.csv,2020
191,Panga,$4886124,$582720,11.9%,$4303404,88.1%,2020.csv,2020
192,The Tales for Old and Young,$4853143,-,-,$4853143,100%,2020.csv,2020
193,Streltsov,$4850073,-,-,$4850073,100%,2020.csv,2020
194,The SpongeBob Movie: Sponge on the Run,$4810790,$4810790,100%,-,-,2020.csv,2020
195,The Vets,$4788826,-,-,$4788826,100%,2020.csv,2020
196,The Broken Hearts Gallery,$4781389,$4067442,85.1%,$713947,14.9%,2020.csv,2020
197,Gladiator 20th Anniversary,$4780585,-,-,$4780585,100%,2020.csv,2020
198,Intruder,$4751103,-,-,$4751103,100%,2020.csv,2020
199,Granny Nanny,$4654655,$432,<0.1%,$4654223,100%,2020.csv,2020
200,Military Wives,$4558564,-,-,$4558564,100%,2020.csv,2020
